{"level":"info","message":" Incoming Request \u001b[34mPOST\u001b[39m \u001b[32m200\u001b[39m \u001b[35m/stripe/webhook\u001b[39m \u001b[93m46 ms\u001b[39m","size":"17","timestamp":"2026-08-17 07:48:09"}
{"level":"info","message":" Incoming Request \u001b[32mGET\u001b[39m \u001b[34m304\u001b[39m \u001b[35m/api/v1/signal/types\u001b[39m \u001b[93m398 ms\u001b[39m","size":0,"timestamp":"2026-08-17 08:21:38"}
{"level":"info","message":" Incoming Request \u001b[32mGET\u001b[39m \u001b[34m304\u001b[39m \u001b[35m/api/v1/signal\u001b[39m \u001b[93m226 ms\u001b[39m","size":0,"timestamp":"2026-08-17 08:21:38"}
{"level":"info","message":" Incoming Request \u001b[32mGET\u001b[39m \u001b[34m304\u001b[39m \u001b[35m/api/v1/post\u001b[39m \u001b[93m84 ms\u001b[39m","size":0,"timestamp":"2026-08-17 08:21:46"}
{"level":"info","message":"Root endpoint hit","timestamp":"2026-08-17 08:28:04"}
{"level":"info","message":" Incoming Request \u001b[32mGET\u001b[39m \u001b[32m200\u001b[39m \u001b[35m/\u001b[39m \u001b[93m55 ms\u001b[39m","size":"109","timestamp":"2026-08-17 08:28:04"}
{"level":"info","message":" Incoming Request \u001b[32mGET\u001b[39m \u001b[32m200\u001b[39m \u001b[35m/api/v1/user/my-profile\u001b[39m \u001b[93m562 ms\u001b[39m","size":"522","timestamp":"2026-08-17 08:28:36"}
{"level":"info","message":" Incoming Request \u001b[32mGET\u001b[39m \u001b[34m304\u001b[39m \u001b[35m/api/v1/signal/types\u001b[39m \u001b[93m373 ms\u001b[39m","size":0,"timestamp":"2026-08-17 08:28:36"}
{"level":"info","message":" Incoming Request \u001b[32mGET\u001b[39m \u001b[34m304\u001b[39m \u001b[35m/api/v1/notification/audience-stats\u001b[39m \u001b[93m385 ms\u001b[39m","size":0,"timestamp":"2026-08-17 08:28:36"}
{"level":"info","message":" Incoming Request \u001b[32mGET\u001b[39m \u001b[32m200\u001b[39m \u001b[35m/api/v1/dashboard/stats?range=6M\u001b[39m \u001b[93m779 ms\u001b[39m","size":"1793","timestamp":"2026-08-17 08:28:37"}
{"level":"info","message":" Incoming Request \u001b[32mGET\u001b[39m \u001b[34m304\u001b[39m \u001b[35m/api/v1/signal\u001b[39m \u001b[93m87 ms\u001b[39m","size":0,"timestamp":"2026-08-17 08:29:10"}
{"level":"info","message":" Incoming Request \u001b[32mGET\u001b[39m \u001b[34m304\u001b[39m \u001b[35m/api/v1/subscription?includeDisabled=true\u001b[39m \u001b[93m137 ms\u001b[39m","size":0,"timestamp":"2026-08-17 08:35:44"}
{"level":"info","message":" Incoming Request \u001b[32mGET\u001b[39m \u001b[34m304\u001b[39m \u001b[35m/api/v1/subscription/trial-config\u001b[39m \u001b[93m112 ms\u001b[39m","size":0,"timestamp":"2026-08-17 08:35:44"}
{"level":"info","message":" Incoming Request \u001b[32mGET\u001b[39m \u001b[32m200\u001b[39m \u001b[35m/api/v1/notification\u001b[39m \u001b[93m69 ms\u001b[39m","size":"1985","timestamp":"2026-08-17 08:35:58"}
{"level":"info","message":" Incoming Request \u001b[32mGET\u001b[39m \u001b[34m304\u001b[39m \u001b[35m/api/v1/notification/audience-stats\u001b[39m \u001b[93m103 ms\u001b[39m","size":0,"timestamp":"2026-08-17 08:35:58"}
{"level":"info","message":" Incoming Request \u001b[32mGET\u001b[39m \u001b[34m304\u001b[39m \u001b[35m/api/v1/post\u001b[39m \u001b[93m30 ms\u001b[39m","size":0,"timestamp":"2026-08-17 08:36:22"}
{"level":"info","message":" Incoming Request \u001b[32mGET\u001b[39m \u001b[34m304\u001b[39m \u001b[35m/api/v1/user/all-user?page=1&limit=10\u001b[39m \u001b[93m50 ms\u001b[39m","size":0,"timestamp":"2026-08-17 08:37:03"}
{"level":"info","message":" Incoming Request \u001b[32mGET\u001b[39m \u001b[32m200\u001b[39m \u001b[35m/api/v1/user/all-user?page=1&limit=10&subscriptionType=VIP\u001b[39m \u001b[93m57 ms\u001b[39m","size":"173","timestamp":"2026-08-17 08:37:19"}
{"level":"info","message":" Incoming Request \u001b[32mGET\u001b[39m \u001b[32m200\u001b[39m \u001b[35m/api/v1/user/all-user?page=1&limit=10&subscriptionType=Forex\u001b[39m \u001b[93m26 ms\u001b[39m","size":"173","timestamp":"2026-08-17 08:37:20"}
{"level":"info","message":" Incoming Request \u001b[32mGET\u001b[39m \u001b[32m200\u001b[39m \u001b[35m/api/v1/user/all-user?page=1&limit=10&subscriptionType=Crypto\u001b[39m \u001b[93m10 ms\u001b[39m","size":"707","timestamp":"2026-08-17 08:37:20"}
{"level":"info","message":" Incoming Request \u001b[32mGET\u001b[39m \u001b[32m200\u001b[39m \u001b[35m/api/v1/coupon\u001b[39m \u001b[93m17 ms\u001b[39m","size":"2047","timestamp":"2026-08-17 08:37:24"}
{"level":"info","message":" Incoming Request \u001b[32mGET\u001b[39m \u001b[34m304\u001b[39m \u001b[35m/api/v1/signal/types\u001b[39m \u001b[93m33 ms\u001b[39m","size":0,"timestamp":"2026-08-17 08:37:34"}
{"level":"info","message":" Incoming Request \u001b[32mGET\u001b[39m \u001b[34m304\u001b[39m \u001b[35m/api/v1/dashboard/stats?range=6M\u001b[39m \u001b[93m171 ms\u001b[39m","size":0,"timestamp":"2026-08-17 08:37:34"}
{"level":"info","message":" Incoming Request \u001b[32mGET\u001b[39m \u001b[34m304\u001b[39m \u001b[35m/api/v1/notification\u001b[39m \u001b[93m113 ms\u001b[39m","size":0,"timestamp":"2026-08-17 08:47:43"}
{"level":"info","message":" Incoming Request \u001b[32mGET\u001b[39m \u001b[34m304\u001b[39m \u001b[35m/api/v1/user/my-profile\u001b[39m \u001b[93m293 ms\u001b[39m","size":0,"timestamp":"2026-08-17 08:52:46"}
{"level":"info","message":" Incoming Request \u001b[32mGET\u001b[39m \u001b[34m304\u001b[39m \u001b[35m/api/v1/notification\u001b[39m \u001b[93m247 ms\u001b[39m","size":0,"timestamp":"2026-08-17 08:52:46"}
{"level":"info","message":" Incoming Request \u001b[32mGET\u001b[39m \u001b[34m304\u001b[39m \u001b[35m/api/v1/notification/audience-stats\u001b[39m \u001b[93m269 ms\u001b[39m","size":0,"timestamp":"2026-08-17 08:52:46"}
{"level":"info","message":" Incoming Request \u001b[32mGET\u001b[39m \u001b[34m304\u001b[39m \u001b[35m/api/v1/user/my-profile\u001b[39m \u001b[93m13 ms\u001b[39m","size":0,"timestamp":"2026-08-17 08:52:46"}
{"level":"info","message":" Incoming Request \u001b[32mGET\u001b[39m \u001b[34m304\u001b[39m \u001b[35m/api/v1/signal\u001b[39m \u001b[93m99 ms\u001b[39m","size":0,"timestamp":"2026-08-17 08:52:47"}
{"level":"info","message":" Incoming Request \u001b[32mGET\u001b[39m \u001b[34m304\u001b[39m \u001b[35m/api/v1/signal/types\u001b[39m \u001b[93m39 ms\u001b[39m","size":0,"timestamp":"2026-08-17 08:52:47"}
{"level":"info","message":" Incoming Request \u001b[32mGET\u001b[39m \u001b[34m304\u001b[39m \u001b[35m/api/v1/user/my-profile\u001b[39m \u001b[93m94 ms\u001b[39m","size":0,"timestamp":"2026-08-17 08:54:39"}
{"level":"info","message":" Incoming Request \u001b[32mGET\u001b[39m \u001b[34m304\u001b[39m \u001b[35m/api/v1/notification/audience-stats\u001b[39m \u001b[93m61 ms\u001b[39m","size":0,"timestamp":"2026-08-17 08:54:39"}
{"level":"info","message":" Incoming Request \u001b[32mGET\u001b[39m \u001b[34m304\u001b[39m \u001b[35m/api/v1/notification\u001b[39m \u001b[93m36 ms\u001b[39m","size":0,"timestamp":"2026-08-17 08:54:40"}
{"level":"info","message":" Incoming Request \u001b[32mGET\u001b[39m \u001b[34m304\u001b[39m \u001b[35m/api/v1/user/my-profile\u001b[39m \u001b[93m20 ms\u001b[39m","size":0,"timestamp":"2026-08-17 08:54:41"}
{"level":"info","message":" Incoming Request \u001b[32mGET\u001b[39m \u001b[34m304\u001b[39m \u001b[35m/api/v1/signal\u001b[39m \u001b[93m30 ms\u001b[39m","size":0,"timestamp":"2026-08-17 08:54:41"}
{"level":"info","message":" Incoming Request \u001b[32mGET\u001b[39m \u001b[34m304\u001b[39m \u001b[35m/api/v1/signal/types\u001b[39m \u001b[93m33 ms\u001b[39m","size":0,"timestamp":"2026-08-17 08:54:41"}
{"level":"info","message":" Incoming Request \u001b[32mGET\u001b[39m \u001b[34m304\u001b[39m \u001b[35m/api/v1/user/my-profile\u001b[39m \u001b[93m261 ms\u001b[39m","size":0,"timestamp":"2026-08-17 08:55:19"}
{"level":"info","message":" Incoming Request \u001b[32mGET\u001b[39m \u001b[34m304\u001b[39m \u001b[35m/api/v1/notification\u001b[39m \u001b[93m350 ms\u001b[39m","size":0,"timestamp":"2026-08-17 08:55:19"}
{"level":"info","message":" Incoming Request \u001b[32mGET\u001b[39m \u001b[34m304\u001b[39m \u001b[35m/api/v1/notification/audience-stats\u001b[39m \u001b[93m360 ms\u001b[39m","size":0,"timestamp":"2026-08-17 08:55:19"}
{"level":"info","message":" Incoming Request \u001b[32mGET\u001b[39m \u001b[34m304\u001b[39m \u001b[35m/api/v1/user/my-profile\u001b[39m \u001b[93m16 ms\u001b[39m","size":0,"timestamp":"2026-08-17 08:55:22"}
{"level":"info","message":" Incoming Request \u001b[32mGET\u001b[39m \u001b[34m304\u001b[39m \u001b[35m/api/v1/signal\u001b[39m \u001b[93m69 ms\u001b[39m","size":0,"timestamp":"2026-08-17 08:55:22"}
{"level":"info","message":" Incoming Request \u001b[32mGET\u001b[39m \u001b[34m304\u001b[39m \u001b[35m/api/v1/signal/types\u001b[39m \u001b[93m78 ms\u001b[39m","size":0,"timestamp":"2026-08-17 08:55:22"}
{"level":"info","message":" Incoming Request \u001b[32mGET\u001b[39m \u001b[34m304\u001b[39m \u001b[35m/api/v1/signal/types\u001b[39m \u001b[93m31 ms\u001b[39m","size":0,"timestamp":"2026-08-17 08:56:02"}
{"level":"info","message":" Incoming Request \u001b[32mGET\u001b[39m \u001b[32m200\u001b[39m \u001b[35m/api/v1/dashboard/stats?range=6M\u001b[39m \u001b[93m186 ms\u001b[39m","size":"1793","timestamp":"2026-08-17 08:56:02"}
{"level":"info","message":" Incoming Request \u001b[32mGET\u001b[39m \u001b[34m304\u001b[39m \u001b[35m/api/v1/signal\u001b[39m \u001b[93m27 ms\u001b[39m","size":0,"timestamp":"2026-08-17 08:56:16"}
{"level":"info","message":" Incoming Request \u001b[32mGET\u001b[39m \u001b[34m304\u001b[39m \u001b[35m/api/v1/post\u001b[39m \u001b[93m47 ms\u001b[39m","size":0,"timestamp":"2026-08-17 08:56:17"}
{"level":"info","message":" Incoming Request \u001b[32mGET\u001b[39m \u001b[34m304\u001b[39m \u001b[35m/api/v1/subscription?includeDisabled=true\u001b[39m \u001b[93m24 ms\u001b[39m","size":0,"timestamp":"2026-08-17 08:56:19"}
{"level":"info","message":" Incoming Request \u001b[32mGET\u001b[39m \u001b[34m304\u001b[39m \u001b[35m/api/v1/subscription/trial-config\u001b[39m \u001b[93m37 ms\u001b[39m","size":0,"timestamp":"2026-08-17 08:56:19"}
{"level":"info","message":" Incoming Request \u001b[32mGET\u001b[39m \u001b[34m304\u001b[39m \u001b[35m/api/v1/user/all-user?page=1&limit=10\u001b[39m \u001b[93m33 ms\u001b[39m","size":0,"timestamp":"2026-08-17 08:56:20"}
{"level":"info","message":" Incoming Request \u001b[32mGET\u001b[39m \u001b[34m304\u001b[39m \u001b[35m/api/v1/coupon\u001b[39m \u001b[93m7 ms\u001b[39m","size":0,"timestamp":"2026-08-17 08:56:21"}
{"level":"info","message":" Incoming Request \u001b[32mGET\u001b[39m \u001b[34m304\u001b[39m \u001b[35m/api/v1/management/privacy\u001b[39m \u001b[93m14 ms\u001b[39m","size":0,"timestamp":"2026-08-17 08:56:23"}
{"level":"info","message":" Incoming Request \u001b[32mGET\u001b[39m \u001b[34m304\u001b[39m \u001b[35m/api/v1/management/terms\u001b[39m \u001b[93m3 ms\u001b[39m","size":0,"timestamp":"2026-08-17 08:56:23"}
{"level":"info","message":" Incoming Request \u001b[32mGET\u001b[39m \u001b[34m304\u001b[39m \u001b[35m/api/v1/management/about\u001b[39m \u001b[93m5 ms\u001b[39m","size":0,"timestamp":"2026-08-17 08:56:24"}
{"level":"info","message":" Incoming Request \u001b[32mGET\u001b[39m \u001b[34m304\u001b[39m \u001b[35m/api/v1/management/privacy\u001b[39m \u001b[93m93 ms\u001b[39m","size":0,"timestamp":"2026-08-17 09:09:12"}
{"level":"info","message":" Incoming Request \u001b[32mGET\u001b[39m \u001b[34m304\u001b[39m \u001b[35m/api/v1/management/terms\u001b[39m \u001b[93m14 ms\u001b[39m","size":0,"timestamp":"2026-08-17 09:09:12"}
{"level":"info","message":" Incoming Request \u001b[32mGET\u001b[39m \u001b[34m304\u001b[39m \u001b[35m/api/v1/management/terms\u001b[39m \u001b[93m70 ms\u001b[39m","size":0,"timestamp":"2026-08-17 09:44:43"}
{"level":"info","message":" Incoming Request \u001b[32mGET\u001b[39m \u001b[34m304\u001b[39m \u001b[35m/api/v1/management/terms\u001b[39m \u001b[93m7 ms\u001b[39m","size":0,"timestamp":"2026-08-17 09:44:47"}
{"level":"info","message":" Incoming Request \u001b[32mGET\u001b[39m \u001b[34m304\u001b[39m \u001b[35m/api/v1/management/terms\u001b[39m \u001b[93m3 ms\u001b[39m","size":0,"timestamp":"2026-08-17 09:44:48"}
{"level":"info","message":" Incoming Request \u001b[32mGET\u001b[39m \u001b[34m304\u001b[39m \u001b[35m/api/v1/management/terms\u001b[39m \u001b[93m3 ms\u001b[39m","size":0,"timestamp":"2026-08-17 09:44:50"}
{"level":"info","message":" Incoming Request \u001b[32mGET\u001b[39m \u001b[34m304\u001b[39m \u001b[35m/api/v1/signal/types\u001b[39m \u001b[93m120 ms\u001b[39m","size":0,"timestamp":"2026-08-17 09:44:53"}
{"level":"info","message":" Incoming Request \u001b[32mGET\u001b[39m \u001b[34m304\u001b[39m \u001b[35m/api/v1/signal\u001b[39m \u001b[93m312 ms\u001b[39m","size":0,"timestamp":"2026-08-17 09:44:53"}
{"level":"info","message":" Incoming Request \u001b[32mGET\u001b[39m \u001b[34m304\u001b[39m \u001b[35m/api/v1/signal\u001b[39m \u001b[93m57 ms\u001b[39m","size":0,"timestamp":"2026-08-17 09:44:55"}
{"level":"info","message":" Incoming Request \u001b[32mGET\u001b[39m \u001b[34m304\u001b[39m \u001b[35m/api/v1/signal\u001b[39m \u001b[93m23 ms\u001b[39m","size":0,"timestamp":"2026-08-17 09:44:56"}
{"level":"info","message":" Incoming Request \u001b[32mGET\u001b[39m \u001b[34m304\u001b[39m \u001b[35m/api/v1/signal\u001b[39m \u001b[93m31 ms\u001b[39m","size":0,"timestamp":"2026-08-17 09:44:57"}
{"level":"info","message":" Incoming Request \u001b[32mGET\u001b[39m \u001b[34m304\u001b[39m \u001b[35m/api/v1/signal\u001b[39m \u001b[93m29 ms\u001b[39m","size":0,"timestamp":"2026-08-17 09:44:57"}
{"level":"info","message":" Incoming Request \u001b[32mGET\u001b[39m \u001b[34m304\u001b[39m \u001b[35m/api/v1/signal\u001b[39m \u001b[93m17 ms\u001b[39m","size":0,"timestamp":"2026-08-17 09:44:57"}
{"level":"info","message":" Incoming Request \u001b[32mGET\u001b[39m \u001b[34m304\u001b[39m \u001b[35m/api/v1/signal\u001b[39m \u001b[93m33 ms\u001b[39m","size":0,"timestamp":"2026-08-17 09:44:57"}
{"level":"info","message":" Incoming Request \u001b[32mGET\u001b[39m \u001b[34m304\u001b[39m \u001b[35m/api/v1/signal\u001b[39m \u001b[93m17 ms\u001b[39m","size":0,"timestamp":"2026-08-17 09:44:59"}
{"level":"info","message":" Incoming Request \u001b[32mGET\u001b[39m \u001b[34m304\u001b[39m \u001b[35m/api/v1/user/my-profile\u001b[39m \u001b[93m147 ms\u001b[39m","size":0,"timestamp":"2026-08-17 09:56:15"}
{"level":"info","message":" Incoming Request \u001b[32mGET\u001b[39m \u001b[34m304\u001b[39m \u001b[35m/api/v1/signal/types\u001b[39m \u001b[93m266 ms\u001b[39m","size":0,"timestamp":"2026-08-17 09:56:15"}
{"level":"info","message":" Incoming Request \u001b[32mGET\u001b[39m \u001b[34m304\u001b[39m \u001b[35m/api/v1/signal\u001b[39m \u001b[93m233 ms\u001b[39m","size":0,"timestamp":"2026-08-17 09:56:16"}
{"level":"info","message":" Incoming Request \u001b[32mGET\u001b[39m \u001b[34m304\u001b[39m \u001b[35m/api/v1/signal\u001b[39m \u001b[93m33 ms\u001b[39m","size":0,"timestamp":"2026-08-17 09:56:27"}
{"level":"info","message":" Incoming Request \u001b[32mGET\u001b[39m \u001b[34m304\u001b[39m \u001b[35m/api/v1/user/my-profile\u001b[39m \u001b[93m35 ms\u001b[39m","size":0,"timestamp":"2026-08-17 09:56:27"}
{"level":"info","message":" Incoming Request \u001b[32mGET\u001b[39m \u001b[34m304\u001b[39m \u001b[35m/api/v1/signal/types\u001b[39m \u001b[93m41 ms\u001b[39m","size":0,"timestamp":"2026-08-17 09:56:27"}
{"level":"info","message":" Incoming Request \u001b[32mGET\u001b[39m \u001b[34m304\u001b[39m \u001b[35m/api/v1/signal?status=Active\u001b[39m \u001b[93m279 ms\u001b[39m","size":0,"timestamp":"2026-08-17 10:06:47"}
{"level":"info","message":" Incoming Request \u001b[32mGET\u001b[39m \u001b[34m304\u001b[39m \u001b[35m/api/v1/signal?status=Draft\u001b[39m \u001b[93m22 ms\u001b[39m","size":0,"timestamp":"2026-08-17 10:06:48"}
{"level":"info","message":" Incoming Request \u001b[32mGET\u001b[39m \u001b[34m304\u001b[39m \u001b[35m/api/v1/user/my-profile\u001b[39m \u001b[93m741 ms\u001b[39m","size":0,"timestamp":"2026-08-17 11:11:05"}
{"level":"info","message":" Incoming Request \u001b[32mGET\u001b[39m \u001b[34m304\u001b[39m \u001b[35m/api/v1/signal/types\u001b[39m \u001b[93m639 ms\u001b[39m","size":0,"timestamp":"2026-08-17 11:11:05"}
{"level":"info","message":" Incoming Request \u001b[32mGET\u001b[39m \u001b[34m304\u001b[39m \u001b[35m/api/v1/signal\u001b[39m \u001b[93m1242 ms\u001b[39m","size":0,"timestamp":"2026-08-17 11:11:05"}
{"level":"info","message":" Incoming Request \u001b[32mGET\u001b[39m \u001b[32m200\u001b[39m \u001b[35m/api/v1/signal/app/history?result=Win&limit=10\u001b[39m \u001b[93m195 ms\u001b[39m","size":"3375","timestamp":"2026-08-17 15:34:17"}
{"level":"info","message":" Incoming Request \u001b[32mGET\u001b[39m \u001b[32m200\u001b[39m \u001b[35m/api/v1/signal/app/history?result=Loss&limit=10\u001b[39m \u001b[93m27 ms\u001b[39m","size":"2040","timestamp":"2026-08-17 15:34:35"}
{"level":"info","message":" Incoming Request \u001b[34mPOST\u001b[39m \u001b[32m200\u001b[39m \u001b[35m/api/v1/notification/app/6a81b28911cc58f93d08f4b4/read\u001b[39m \u001b[93m376 ms\u001b[39m","size":"403","timestamp":"2026-08-17 15:38:30"}
{"level":"info","message":" Incoming Request \u001b[32mGET\u001b[39m \u001b[34m304\u001b[39m \u001b[35m/api/v1/notification/audience-stats\u001b[39m \u001b[93m73 ms\u001b[39m","size":0,"timestamp":"2026-08-17 15:38:56"}
{"level":"info","message":" Incoming Request \u001b[32mGET\u001b[39m \u001b[32m200\u001b[39m \u001b[35m/api/v1/notification\u001b[39m \u001b[93m84 ms\u001b[39m","size":"1985","timestamp":"2026-08-17 15:38:56"}
{"level":"info","message":" Incoming Request \u001b[34mPOST\u001b[39m \u001b[32m201\u001b[39m \u001b[35m/api/v1/notification/send\u001b[39m \u001b[93m36 ms\u001b[39m","size":"266","timestamp":"2026-08-17 15:39:06"}
{"level":"info","message":" Incoming Request \u001b[32mGET\u001b[39m \u001b[32m200\u001b[39m \u001b[35m/api/v1/notification\u001b[39m \u001b[93m14 ms\u001b[39m","size":"2168","timestamp":"2026-08-17 15:39:06"}
{"level":"info","message":" Incoming Request \u001b[32mGET\u001b[39m \u001b[34m304\u001b[39m \u001b[35m/api/v1/notification/audience-stats\u001b[39m \u001b[93m14 ms\u001b[39m","size":0,"timestamp":"2026-08-17 15:39:06"}
{"level":"info","message":" Incoming Request \u001b[34mPOST\u001b[39m \u001b[32m201\u001b[39m \u001b[35m/api/v1/notification/send\u001b[39m \u001b[93m94 ms\u001b[39m","size":"266","timestamp":"2026-08-17 15:39:44"}
{"level":"info","message":" Incoming Request \u001b[32mGET\u001b[39m \u001b[32m200\u001b[39m \u001b[35m/api/v1/notification\u001b[39m \u001b[93m23 ms\u001b[39m","size":"2351","timestamp":"2026-08-17 15:39:44"}
{"level":"info","message":" Incoming Request \u001b[32mGET\u001b[39m \u001b[34m304\u001b[39m \u001b[35m/api/v1/notification/audience-stats\u001b[39m \u001b[93m23 ms\u001b[39m","size":0,"timestamp":"2026-08-17 15:39:44"}
{"level":"info","message":" Incoming Request \u001b[32mGET\u001b[39m \u001b[32m200\u001b[39m \u001b[35m/api/v1/signal/app/market-hours\u001b[39m \u001b[93m39 ms\u001b[39m","size":"683","timestamp":"2026-08-17 15:40:00"}
{"level":"info","message":" Incoming Request \u001b[32mGET\u001b[39m \u001b[32m200\u001b[39m \u001b[35m/api/v1/user/my-profile\u001b[39m \u001b[93m72 ms\u001b[39m","size":"668","timestamp":"2026-08-17 15:40:00"}
{"level":"info","message":" Incoming Request \u001b[32mGET\u001b[39m \u001b[32m200\u001b[39m \u001b[35m/api/v1/signal/app?page=1&limit=20&category=all\u001b[39m \u001b[93m111 ms\u001b[39m","size":"4275","timestamp":"2026-08-17 15:40:00"}
{"level":"info","message":" Incoming Request \u001b[32mGET\u001b[39m \u001b[32m200\u001b[39m \u001b[35m/api/v1/signal/app/history?page=1&limit=20\u001b[39m \u001b[93m154 ms\u001b[39m","size":"5373","timestamp":"2026-08-17 15:40:00"}
{"level":"info","message":" Incoming Request \u001b[32mGET\u001b[39m \u001b[32m200\u001b[39m \u001b[35m/api/v1/post/app?page=1&limit=20\u001b[39m \u001b[93m167 ms\u001b[39m","size":"5270","timestamp":"2026-08-17 15:40:00"}
{"level":"info","message":" Incoming Request \u001b[32mGET\u001b[39m \u001b[32m200\u001b[39m \u001b[35m/api/v1/notification/app?page=1&limit=30\u001b[39m \u001b[93m179 ms\u001b[39m","size":"1236","timestamp":"2026-08-17 15:40:00"}
{"level":"info","message":" Incoming Request \u001b[31mDELETE\u001b[39m \u001b[32m200\u001b[39m \u001b[35m/api/v1/notification/6a82d6e062128d3212533cb7\u001b[39m \u001b[93m69 ms\u001b[39m","size":"91","timestamp":"2026-08-17 15:40:34"}
{"level":"info","message":" Incoming Request \u001b[32mGET\u001b[39m \u001b[32m200\u001b[39m \u001b[35m/api/v1/notification\u001b[39m \u001b[93m24 ms\u001b[39m","size":"2168","timestamp":"2026-08-17 15:40:34"}
{"level":"info","message":" Incoming Request \u001b[32mGET\u001b[39m \u001b[34m304\u001b[39m \u001b[35m/api/v1/notification/audience-stats\u001b[39m \u001b[93m35 ms\u001b[39m","size":0,"timestamp":"2026-08-17 15:40:34"}
{"level":"info","message":" Incoming Request \u001b[31mDELETE\u001b[39m \u001b[32m200\u001b[39m \u001b[35m/api/v1/notification/6a82d6ba62128d3212533ca7\u001b[39m \u001b[93m47 ms\u001b[39m","size":"91","timestamp":"2026-08-17 15:40:37"}
{"level":"info","message":" Incoming Request \u001b[32mGET\u001b[39m \u001b[34m304\u001b[39m \u001b[35m/api/v1/notification/audience-stats\u001b[39m \u001b[93m52 ms\u001b[39m","size":0,"timestamp":"2026-08-17 15:40:37"}
{"level":"info","message":" Incoming Request \u001b[32mGET\u001b[39m \u001b[32m200\u001b[39m \u001b[35m/api/v1/notification\u001b[39m \u001b[93m49 ms\u001b[39m","size":"1985","timestamp":"2026-08-17 15:40:37"}
{"level":"info","message":" Incoming Request \u001b[32mGET\u001b[39m \u001b[32m200\u001b[39m \u001b[35m/api/v1/user/my-profile\u001b[39m \u001b[93m11 ms\u001b[39m","size":"668","timestamp":"2026-08-17 15:41:16"}
{"level":"info","message":" Incoming Request \u001b[32mGET\u001b[39m \u001b[32m200\u001b[39m \u001b[35m/api/v1/signal/app?page=1&limit=20&category=all\u001b[39m \u001b[93m22 ms\u001b[39m","size":"4275","timestamp":"2026-08-17 15:41:16"}
{"level":"info","message":" Incoming Request \u001b[32mGET\u001b[39m \u001b[32m200\u001b[39m \u001b[35m/api/v1/post/app?page=1&limit=20\u001b[39m \u001b[93m36 ms\u001b[39m","size":"5270","timestamp":"2026-08-17 15:41:16"}
{"level":"info","message":" Incoming Request \u001b[32mGET\u001b[39m \u001b[32m200\u001b[39m \u001b[35m/api/v1/signal/app/history?page=1&limit=20\u001b[39m \u001b[93m32 ms\u001b[39m","size":"5373","timestamp":"2026-08-17 15:41:16"}
{"level":"info","message":" Incoming Request \u001b[32mGET\u001b[39m \u001b[32m200\u001b[39m \u001b[35m/api/v1/signal/app/market-hours\u001b[39m \u001b[93m8 ms\u001b[39m","size":"683","timestamp":"2026-08-17 15:41:16"}
{"level":"info","message":" Incoming Request \u001b[32mGET\u001b[39m \u001b[32m200\u001b[39m \u001b[35m/api/v1/notification/app?page=1&limit=30\u001b[39m \u001b[93m20 ms\u001b[39m","size":"782","timestamp":"2026-08-17 15:41:16"}
{"level":"info","message":" Incoming Request \u001b[32mGET\u001b[39m \u001b[34m304\u001b[39m \u001b[35m/api/v1/signal/types\u001b[39m \u001b[93m130 ms\u001b[39m","size":0,"timestamp":"2026-08-17 15:43:42"}
{"level":"info","message":" Incoming Request \u001b[32mGET\u001b[39m \u001b[34m304\u001b[39m \u001b[35m/api/v1/signal\u001b[39m \u001b[93m192 ms\u001b[39m","size":0,"timestamp":"2026-08-17 15:43:42"}
{"level":"info","message":" Incoming Request \u001b[32mGET\u001b[39m \u001b[32m200\u001b[39m \u001b[35m/api/v1/post\u001b[39m \u001b[93m21 ms\u001b[39m","size":"2742","timestamp":"2026-08-17 15:44:05"}
{"level":"info","message":" Incoming Request \u001b[32mGET\u001b[39m \u001b[32m200\u001b[39m \u001b[35m/api/v1/subscription?includeDisabled=true\u001b[39m \u001b[93m21 ms\u001b[39m","size":"2608","timestamp":"2026-08-17 15:44:10"}
{"level":"info","message":" Incoming Request \u001b[32mGET\u001b[39m \u001b[32m200\u001b[39m \u001b[35m/api/v1/subscription/trial-config\u001b[39m \u001b[93m30 ms\u001b[39m","size":"434","timestamp":"2026-08-17 15:44:10"}
{"level":"info","message":" Incoming Request \u001b[32mGET\u001b[39m \u001b[32m200\u001b[39m \u001b[35m/api/v1/signal/app/market-hours\u001b[39m \u001b[93m93 ms\u001b[39m","size":"683","timestamp":"2026-08-17 15:53:58"}
{"level":"info","message":" Incoming Request \u001b[32mGET\u001b[39m \u001b[32m200\u001b[39m \u001b[35m/api/v1/user/my-profile\u001b[39m \u001b[93m76 ms\u001b[39m","size":"668","timestamp":"2026-08-17 15:53:58"}
{"level":"info","message":" Incoming Request \u001b[32mGET\u001b[39m \u001b[32m200\u001b[39m \u001b[35m/api/v1/signal/app/history?page=1&limit=20\u001b[39m \u001b[93m120 ms\u001b[39m","size":"5373","timestamp":"2026-08-17 15:53:58"}
{"level":"info","message":" Incoming Request \u001b[32mGET\u001b[39m \u001b[32m200\u001b[39m \u001b[35m/api/v1/signal/app?page=1&limit=20&category=all\u001b[39m \u001b[93m117 ms\u001b[39m","size":"4275","timestamp":"2026-08-17 15:53:58"}
{"level":"info","message":" Incoming Request \u001b[32mGET\u001b[39m \u001b[32m200\u001b[39m \u001b[35m/api/v1/post/app?page=1&limit=20\u001b[39m \u001b[93m141 ms\u001b[39m","size":"5270","timestamp":"2026-08-17 15:53:58"}
{"level":"info","message":" Incoming Request \u001b[32mGET\u001b[39m \u001b[32m200\u001b[39m \u001b[35m/api/v1/notification/app?page=1&limit=30\u001b[39m \u001b[93m148 ms\u001b[39m","size":"782","timestamp":"2026-08-17 15:53:58"}
{"level":"info","message":" Incoming Request \u001b[32mGET\u001b[39m \u001b[32m200\u001b[39m \u001b[35m/api/v1/signal/app/history?page=1&limit=20\u001b[39m \u001b[93m13 ms\u001b[39m","size":"5373","timestamp":"2026-08-17 15:54:03"}
{"level":"info","message":" Incoming Request \u001b[32mGET\u001b[39m \u001b[32m200\u001b[39m \u001b[35m/api/v1/signal/app/history?page=1&limit=20&result=Win\u001b[39m \u001b[93m19 ms\u001b[39m","size":"3375","timestamp":"2026-08-17 15:54:09"}
{"level":"info","message":" Incoming Request \u001b[32mGET\u001b[39m \u001b[32m200\u001b[39m \u001b[35m/api/v1/signal/app/history?page=1&limit=20&result=Loss\u001b[39m \u001b[93m14 ms\u001b[39m","size":"2040","timestamp":"2026-08-17 15:54:13"}
{"level":"info","message":" Incoming Request \u001b[32mGET\u001b[39m \u001b[32m200\u001b[39m \u001b[35m/api/v1/signal/app/history?page=1&limit=20&result=Breakeven\u001b[39m \u001b[93m14 ms\u001b[39m","size":"1390","timestamp":"2026-08-17 15:54:30"}
{"level":"info","message":" Incoming Request \u001b[32mGET\u001b[39m \u001b[32m200\u001b[39m \u001b[35m/api/v1/signal/app/market-hours\u001b[39m \u001b[93m3 ms\u001b[39m","size":"683","timestamp":"2026-08-17 15:54:35"}
{"level":"info","message":" Incoming Request \u001b[32mGET\u001b[39m \u001b[32m200\u001b[39m \u001b[35m/api/v1/signal/app?page=1&limit=20&category=all\u001b[39m \u001b[93m17 ms\u001b[39m","size":"4275","timestamp":"2026-08-17 15:54:35"}
{"level":"info","message":" Incoming Request \u001b[32mGET\u001b[39m \u001b[32m200\u001b[39m \u001b[35m/api/v1/signal/app/history?page=1&limit=20&result=Breakeven\u001b[39m \u001b[93m31 ms\u001b[39m","size":"1390","timestamp":"2026-08-17 15:54:37"}
{"level":"info","message":" Incoming Request \u001b[32mGET\u001b[39m \u001b[32m200\u001b[39m \u001b[35m/api/v1/signal/app/market-hours\u001b[39m \u001b[93m5 ms\u001b[39m","size":"683","timestamp":"2026-08-17 15:54:41"}
{"level":"info","message":" Incoming Request \u001b[32mGET\u001b[39m \u001b[32m200\u001b[39m \u001b[35m/api/v1/signal/app?page=1&limit=20&category=all\u001b[39m \u001b[93m10 ms\u001b[39m","size":"4275","timestamp":"2026-08-17 15:54:41"}
{"level":"info","message":" Incoming Request \u001b[32mGET\u001b[39m \u001b[32m200\u001b[39m \u001b[35m/api/v1/signal/app/history?page=1&limit=20&result=Breakeven\u001b[39m \u001b[93m11 ms\u001b[39m","size":"1390","timestamp":"2026-08-17 15:54:42"}
{"level":"info","message":" Incoming Request \u001b[32mGET\u001b[39m \u001b[32m200\u001b[39m \u001b[35m/api/v1/user/my-profile\u001b[39m \u001b[93m6 ms\u001b[39m","size":"668","timestamp":"2026-08-17 15:54:43"}
{"level":"info","message":" Incoming Request \u001b[32mGET\u001b[39m \u001b[32m200\u001b[39m \u001b[35m/api/v1/management/about\u001b[39m \u001b[93m24 ms\u001b[39m","size":"2765","timestamp":"2026-08-17 15:54:50"}
{"level":"info","message":" Incoming Request \u001b[32mGET\u001b[39m \u001b[32m200\u001b[39m \u001b[35m/api/v1/user/my-profile\u001b[39m \u001b[93m6 ms\u001b[39m","size":"668","timestamp":"2026-08-17 15:55:42"}
{"level":"info","message":" Incoming Request \u001b[32mGET\u001b[39m \u001b[32m200\u001b[39m \u001b[35m/api/v1/subscription\u001b[39m \u001b[93m39 ms\u001b[39m","size":"2608","timestamp":"2026-08-17 15:58:19"}
{"level":"info","message":" Incoming Request \u001b[32mGET\u001b[39m \u001b[34m304\u001b[39m \u001b[35m/api/v1/signal/types\u001b[39m \u001b[93m29 ms\u001b[39m","size":0,"timestamp":"2026-08-17 15:58:19"}
{"level":"info","message":" Incoming Request \u001b[32mGET\u001b[39m \u001b[32m200\u001b[39m \u001b[35m/api/v1/signal/app/market-hours\u001b[39m \u001b[93m8 ms\u001b[39m","size":"683","timestamp":"2026-08-17 15:59:23"}
{"level":"info","message":" Incoming Request \u001b[32mGET\u001b[39m \u001b[32m200\u001b[39m \u001b[35m/api/v1/user/my-profile\u001b[39m \u001b[93m8 ms\u001b[39m","size":"668","timestamp":"2026-08-17 15:59:23"}
{"level":"info","message":" Incoming Request \u001b[32mGET\u001b[39m \u001b[32m200\u001b[39m \u001b[35m/api/v1/signal/app?page=1&limit=20&category=all\u001b[39m \u001b[93m49 ms\u001b[39m","size":"4275","timestamp":"2026-08-17 15:59:23"}
{"level":"info","message":" Incoming Request \u001b[32mGET\u001b[39m \u001b[32m200\u001b[39m \u001b[35m/api/v1/signal/app/history?page=1&limit=20\u001b[39m \u001b[93m72 ms\u001b[39m","size":"5373","timestamp":"2026-08-17 15:59:23"}
{"level":"info","message":" Incoming Request \u001b[32mGET\u001b[39m \u001b[32m200\u001b[39m \u001b[35m/api/v1/post/app?page=1&limit=20\u001b[39m \u001b[93m73 ms\u001b[39m","size":"5270","timestamp":"2026-08-17 15:59:23"}
{"level":"info","message":" Incoming Request \u001b[32mGET\u001b[39m \u001b[32m200\u001b[39m \u001b[35m/api/v1/notification/app?page=1&limit=30\u001b[39m \u001b[93m78 ms\u001b[39m","size":"782","timestamp":"2026-08-17 15:59:23"}
{"level":"info","message":" Incoming Request \u001b[32mGET\u001b[39m \u001b[32m200\u001b[39m \u001b[35m/api/v1/user/my-profile\u001b[39m \u001b[93m6 ms\u001b[39m","size":"668","timestamp":"2026-08-17 15:59:27"}
{"level":"info","message":" Incoming Request \u001b[32mGET\u001b[39m \u001b[32m200\u001b[39m \u001b[35m/api/v1/subscription\u001b[39m \u001b[93m5 ms\u001b[39m","size":"2608","timestamp":"2026-08-17 15:59:28"}
{"level":"info","message":" Incoming Request \u001b[32mGET\u001b[39m \u001b[32m200\u001b[39m \u001b[35m/api/v1/subscription/user/trial-status\u001b[39m \u001b[93m28 ms\u001b[39m","size":"193","timestamp":"2026-08-17 15:59:28"}
{"level":"info","message":" Incoming Request \u001b[32mGET\u001b[39m \u001b[32m200\u001b[39m \u001b[35m/api/v1/subscription/user/trial-status\u001b[39m \u001b[93m123 ms\u001b[39m","size":"193","timestamp":"2026-08-17 16:01:00"}
{"level":"info","message":" Incoming Request \u001b[32mGET\u001b[39m \u001b[32m200\u001b[39m \u001b[35m/api/v1/subscription\u001b[39m \u001b[93m55 ms\u001b[39m","size":"2608","timestamp":"2026-08-17 16:08:52"}
{"level":"info","message":" Incoming Request \u001b[32mGET\u001b[39m \u001b[32m200\u001b[39m \u001b[35m/api/v1/subscription/user/trial-status\u001b[39m \u001b[93m68 ms\u001b[39m","size":"193","timestamp":"2026-08-17 16:08:52"}
{"level":"info","message":" Incoming Request \u001b[32mGET\u001b[39m \u001b[32m200\u001b[39m \u001b[35m/api/v1/post/app?page=1&limit=20\u001b[39m \u001b[93m134 ms\u001b[39m","size":"5270","timestamp":"2026-08-17 16:09:26"}
{"level":"info","message":" Incoming Request \u001b[32mGET\u001b[39m \u001b[32m200\u001b[39m \u001b[35m/api/v1/post/app?page=1&limit=20\u001b[39m \u001b[93m19 ms\u001b[39m","size":"5270","timestamp":"2026-08-17 16:09:28"}
{"level":"info","message":" Incoming Request \u001b[32mGET\u001b[39m \u001b[32m200\u001b[39m \u001b[35m/api/v1/signal/app/history?page=1&limit=20\u001b[39m \u001b[93m23 ms\u001b[39m","size":"5373","timestamp":"2026-08-17 16:09:28"}
{"level":"info","message":" Incoming Request \u001b[32mGET\u001b[39m \u001b[32m200\u001b[39m \u001b[35m/api/v1/signal/app/history?page=1&limit=20\u001b[39m \u001b[93m12 ms\u001b[39m","size":"5373","timestamp":"2026-08-17 16:09:30"}
{"level":"info","message":" Incoming Request \u001b[32mGET\u001b[39m \u001b[32m200\u001b[39m \u001b[35m/api/v1/post/app?page=1&limit=20\u001b[39m \u001b[93m16 ms\u001b[39m","size":"5270","timestamp":"2026-08-17 16:09:37"}
{"level":"info","message":" Incoming Request \u001b[32mGET\u001b[39m \u001b[32m200\u001b[39m \u001b[35m/api/v1/notification/app?page=1&limit=30\u001b[39m \u001b[93m51 ms\u001b[39m","size":"782","timestamp":"2026-08-17 16:09:40"}
{"level":"info","message":" Incoming Request \u001b[32mGET\u001b[39m \u001b[32m200\u001b[39m \u001b[35m/api/v1/post/app?page=1&limit=20\u001b[39m \u001b[93m18 ms\u001b[39m","size":"5270","timestamp":"2026-08-17 16:09:44"}
{"level":"info","message":" Incoming Request \u001b[32mGET\u001b[39m \u001b[32m200\u001b[39m \u001b[35m/api/v1/notification/app?page=1&limit=30\u001b[39m \u001b[93m19 ms\u001b[39m","size":"782","timestamp":"2026-08-17 16:09:49"}
{"level":"info","message":" Incoming Request \u001b[32mGET\u001b[39m \u001b[32m200\u001b[39m \u001b[35m/api/v1/signal/app/market-hours\u001b[39m \u001b[93m10 ms\u001b[39m","size":"683","timestamp":"2026-08-17 16:09:55"}
{"level":"info","message":" Incoming Request \u001b[32mGET\u001b[39m \u001b[32m200\u001b[39m \u001b[35m/api/v1/signal/app?page=1&limit=20&category=all\u001b[39m \u001b[93m16 ms\u001b[39m","size":"4275","timestamp":"2026-08-17 16:09:55"}
{"level":"info","message":" Incoming Request \u001b[32mGET\u001b[39m \u001b[32m200\u001b[39m \u001b[35m/api/v1/notification/app?page=1&limit=30\u001b[39m \u001b[93m40 ms\u001b[39m","size":"782","timestamp":"2026-08-17 16:10:02"}
{"level":"info","message":" Incoming Request \u001b[32mGET\u001b[39m \u001b[32m200\u001b[39m \u001b[35m/api/v1/post/app?page=1&limit=20\u001b[39m \u001b[93m35 ms\u001b[39m","size":"5270","timestamp":"2026-08-17 16:10:05"}
{"level":"info","message":" Incoming Request \u001b[32mGET\u001b[39m \u001b[32m200\u001b[39m \u001b[35m/api/v1/signal/app/history?page=1&limit=20\u001b[39m \u001b[93m28 ms\u001b[39m","size":"5373","timestamp":"2026-08-17 16:10:06"}
{"level":"info","message":" Incoming Request \u001b[32mGET\u001b[39m \u001b[32m200\u001b[39m \u001b[35m/api/v1/signal/app?page=1&limit=20&category=all\u001b[39m \u001b[93m171 ms\u001b[39m","size":"4275","timestamp":"2026-08-17 16:18:25"}
{"level":"info","message":" Incoming Request \u001b[32mGET\u001b[39m \u001b[32m200\u001b[39m \u001b[35m/api/v1/user/my-profile\u001b[39m \u001b[93m12 ms\u001b[39m","size":"668","timestamp":"2026-08-17 16:18:25"}
{"level":"info","message":" Incoming Request \u001b[32mGET\u001b[39m \u001b[32m200\u001b[39m \u001b[35m/api/v1/signal/app/market-hours\u001b[39m \u001b[93m6 ms\u001b[39m","size":"683","timestamp":"2026-08-17 16:18:25"}
{"level":"info","message":" Incoming Request \u001b[32mGET\u001b[39m \u001b[32m200\u001b[39m \u001b[35m/api/v1/signal/app/history?page=1&limit=20\u001b[39m \u001b[93m45 ms\u001b[39m","size":"5373","timestamp":"2026-08-17 16:18:25"}
{"level":"info","message":" Incoming Request \u001b[32mGET\u001b[39m \u001b[32m200\u001b[39m \u001b[35m/api/v1/post/app?page=1&limit=20\u001b[39m \u001b[93m51 ms\u001b[39m","size":"5270","timestamp":"2026-08-17 16:18:25"}
{"level":"info","message":" Incoming Request \u001b[32mGET\u001b[39m \u001b[32m200\u001b[39m \u001b[35m/api/v1/notification/app?page=1&limit=30\u001b[39m \u001b[93m57 ms\u001b[39m","size":"782","timestamp":"2026-08-17 16:18:25"}
{"level":"info","message":" Incoming Request \u001b[32mGET\u001b[39m \u001b[32m200\u001b[39m \u001b[35m/api/v1/signal/app/history?page=1&limit=20\u001b[39m \u001b[93m26 ms\u001b[39m","size":"5373","timestamp":"2026-08-17 16:19:06"}
{"level":"info","message":" Incoming Request \u001b[32mGET\u001b[39m \u001b[32m200\u001b[39m \u001b[35m/api/v1/user/my-profile\u001b[39m \u001b[93m7 ms\u001b[39m","size":"668","timestamp":"2026-08-17 16:19:08"}
{"level":"info","message":" Incoming Request \u001b[32mGET\u001b[39m \u001b[32m200\u001b[39m \u001b[35m/api/v1/subscription\u001b[39m \u001b[93m8 ms\u001b[39m","size":"2608","timestamp":"2026-08-17 16:19:09"}
{"level":"info","message":" Incoming Request \u001b[32mGET\u001b[39m \u001b[32m200\u001b[39m \u001b[35m/api/v1/subscription/user/trial-status\u001b[39m \u001b[93m14 ms\u001b[39m","size":"193","timestamp":"2026-08-17 16:19:10"}
{"level":"info","message":" Incoming Request \u001b[32mGET\u001b[39m \u001b[32m200\u001b[39m \u001b[35m/api/v1/subscription/user/trial-status\u001b[39m \u001b[93m13 ms\u001b[39m","size":"193","timestamp":"2026-08-17 16:19:16"}
{"level":"info","message":" Incoming Request \u001b[32mGET\u001b[39m \u001b[34m304\u001b[39m \u001b[35m/api/v1/coupon\u001b[39m \u001b[93m93 ms\u001b[39m","size":0,"timestamp":"2026-08-17 16:19:41"}
{"level":"info","message":" Incoming Request \u001b[34mPOST\u001b[39m \u001b[31m400\u001b[39m \u001b[35m/api/v1/coupon/validate\u001b[39m \u001b[93m48 ms\u001b[39m","size":"76","timestamp":"2026-08-17 16:20:08"}
{"level":"info","message":" Incoming Request \u001b[34mPOST\u001b[39m \u001b[32m200\u001b[39m \u001b[35m/api/v1/coupon/validate\u001b[39m \u001b[93m28 ms\u001b[39m","size":"401","timestamp":"2026-08-17 16:20:38"}
{"level":"info","message":" Incoming Request \u001b[34mPOST\u001b[39m \u001b[32m201\u001b[39m \u001b[35m/api/v1/subscription/purchase/initiate\u001b[39m \u001b[93m2047 ms\u001b[39m","size":"2148","timestamp":"2026-08-17 16:20:49"}
{"level":"info","message":" Incoming Request \u001b[32mGET\u001b[39m \u001b[34m304\u001b[39m \u001b[35m/api/v1/coupon\u001b[39m \u001b[93m36 ms\u001b[39m","size":0,"timestamp":"2026-08-17 16:21:41"}
{"level":"info","message":" Incoming Request \u001b[34mPOST\u001b[39m \u001b[32m200\u001b[39m \u001b[35m/stripe/webhook\u001b[39m \u001b[93m29 ms\u001b[39m","size":"17","timestamp":"2026-08-17 16:21:42"}
{"level":"info","message":" Incoming Request \u001b[34mPOST\u001b[39m \u001b[32m200\u001b[39m \u001b[35m/stripe/webhook\u001b[39m \u001b[93m7 ms\u001b[39m","size":"17","timestamp":"2026-08-17 16:21:42"}
{"level":"info","message":" Incoming Request \u001b[34mPOST\u001b[39m \u001b[32m200\u001b[39m \u001b[35m/stripe/webhook\u001b[39m \u001b[93m4 ms\u001b[39m","size":"17","timestamp":"2026-08-17 16:21:42"}
{"level":"info","message":" Incoming Request \u001b[34mPOST\u001b[39m \u001b[32m200\u001b[39m \u001b[35m/stripe/webhook\u001b[39m \u001b[93m4 ms\u001b[39m","size":"17","timestamp":"2026-08-17 16:21:42"}
{"level":"info","message":" Incoming Request \u001b[34mPOST\u001b[39m \u001b[32m200\u001b[39m \u001b[35m/stripe/webhook\u001b[39m \u001b[93m18 ms\u001b[39m","size":"17","timestamp":"2026-08-17 16:21:42"}
{"level":"info","message":" Incoming Request \u001b[34mPOST\u001b[39m \u001b[32m200\u001b[39m \u001b[35m/stripe/webhook\u001b[39m \u001b[93m3 ms\u001b[39m","size":"17","timestamp":"2026-08-17 16:21:42"}
{"level":"info","message":" Incoming Request \u001b[34mPOST\u001b[39m \u001b[32m200\u001b[39m \u001b[35m/stripe/webhook\u001b[39m \u001b[93m59 ms\u001b[39m","size":"17","timestamp":"2026-08-17 16:21:42"}
{"level":"info","message":" Incoming Request \u001b[34mPOST\u001b[39m \u001b[32m200\u001b[39m \u001b[35m/stripe/webhook\u001b[39m \u001b[93m1 ms\u001b[39m","size":"17","timestamp":"2026-08-17 16:21:42"}
{"level":"info","message":" Incoming Request \u001b[34mPOST\u001b[39m \u001b[32m200\u001b[39m \u001b[35m/stripe/webhook\u001b[39m \u001b[93m1 ms\u001b[39m","size":"17","timestamp":"2026-08-17 16:21:42"}
{"level":"info","message":" Incoming Request \u001b[34mPOST\u001b[39m \u001b[32m200\u001b[39m \u001b[35m/stripe/webhook\u001b[39m \u001b[93m1 ms\u001b[39m","size":"17","timestamp":"2026-08-17 16:21:42"}
{"level":"info","message":" Incoming Request \u001b[34mPOST\u001b[39m \u001b[32m200\u001b[39m \u001b[35m/stripe/webhook\u001b[39m \u001b[93m10 ms\u001b[39m","size":"17","timestamp":"2026-08-17 16:21:42"}
{"level":"info","message":" Incoming Request \u001b[34mPOST\u001b[39m \u001b[32m200\u001b[39m \u001b[35m/stripe/webhook\u001b[39m \u001b[93m1 ms\u001b[39m","size":"17","timestamp":"2026-08-17 16:21:43"}
{"level":"info","message":" Incoming Request \u001b[34mPOST\u001b[39m \u001b[32m200\u001b[39m \u001b[35m/stripe/webhook\u001b[39m \u001b[93m1 ms\u001b[39m","size":"17","timestamp":"2026-08-17 16:21:43"}
{"level":"info","message":" Incoming Request \u001b[34mPOST\u001b[39m \u001b[32m200\u001b[39m \u001b[35m/stripe/webhook\u001b[39m \u001b[93m1 ms\u001b[39m","size":"17","timestamp":"2026-08-17 16:21:43"}
{"level":"info","message":" Incoming Request \u001b[32mGET\u001b[39m \u001b[32m200\u001b[39m \u001b[35m/api/v1/coupon\u001b[39m \u001b[93m7 ms\u001b[39m","size":"2047","timestamp":"2026-08-17 16:21:43"}
{"level":"info","message":" Incoming Request \u001b[32mGET\u001b[39m \u001b[34m304\u001b[39m \u001b[35m/api/v1/coupon\u001b[39m \u001b[93m6 ms\u001b[39m","size":0,"timestamp":"2026-08-17 16:21:44"}
{"level":"info","message":" Incoming Request \u001b[32mGET\u001b[39m \u001b[32m200\u001b[39m \u001b[35m/api/v1/subscription/user/trial-status\u001b[39m \u001b[93m12 ms\u001b[39m","size":"193","timestamp":"2026-08-17 16:21:55"}
{"level":"info","message":" Incoming Request \u001b[32mGET\u001b[39m \u001b[32m200\u001b[39m \u001b[35m/api/v1/user/my-profile\u001b[39m \u001b[93m7 ms\u001b[39m","size":"670","timestamp":"2026-08-17 16:22:01"}
{"level":"info","message":" Incoming Request \u001b[32mGET\u001b[39m \u001b[32m200\u001b[39m \u001b[35m/api/v1/user/my-profile\u001b[39m \u001b[93m4 ms\u001b[39m","size":"670","timestamp":"2026-08-17 16:22:01"}
{"level":"info","message":" Incoming Request \u001b[32mGET\u001b[39m \u001b[32m200\u001b[39m \u001b[35m/api/v1/signal/app/market-hours\u001b[39m \u001b[93m24 ms\u001b[39m","size":"683","timestamp":"2026-08-17 16:22:02"}
{"level":"info","message":" Incoming Request \u001b[32mGET\u001b[39m \u001b[32m200\u001b[39m \u001b[35m/api/v1/signal/app?page=1&limit=20&category=all\u001b[39m \u001b[93m28 ms\u001b[39m","size":"2445","timestamp":"2026-08-17 16:22:02"}
{"level":"info","message":" Incoming Request \u001b[32mGET\u001b[39m \u001b[32m200\u001b[39m \u001b[35m/api/v1/subscription\u001b[39m \u001b[93m7 ms\u001b[39m","size":"2608","timestamp":"2026-08-17 16:22:05"}
{"level":"info","message":" Incoming Request \u001b[32mGET\u001b[39m \u001b[32m200\u001b[39m \u001b[35m/api/v1/subscription/user/trial-status\u001b[39m \u001b[93m32 ms\u001b[39m","size":"193","timestamp":"2026-08-17 16:22:05"}
{"level":"info","message":" Incoming Request \u001b[32mGET\u001b[39m \u001b[32m200\u001b[39m \u001b[35m/api/v1/signal/app/market-hours\u001b[39m \u001b[93m3 ms\u001b[39m","size":"683","timestamp":"2026-08-17 16:22:10"}
{"level":"info","message":" Incoming Request \u001b[32mGET\u001b[39m \u001b[32m200\u001b[39m \u001b[35m/api/v1/signal/app?page=1&limit=20&category=all\u001b[39m \u001b[93m18 ms\u001b[39m","size":"2445","timestamp":"2026-08-17 16:22:10"}
{"level":"info","message":" Incoming Request \u001b[32mGET\u001b[39m \u001b[32m200\u001b[39m \u001b[35m/api/v1/signal/app/market-hours\u001b[39m \u001b[93m2 ms\u001b[39m","size":"683","timestamp":"2026-08-17 16:22:11"}
{"level":"info","message":" Incoming Request \u001b[32mGET\u001b[39m \u001b[32m200\u001b[39m \u001b[35m/api/v1/signal/app?page=1&limit=20&category=all\u001b[39m \u001b[93m8 ms\u001b[39m","size":"2445","timestamp":"2026-08-17 16:22:11"}
{"level":"info","message":" Incoming Request \u001b[32mGET\u001b[39m \u001b[32m200\u001b[39m \u001b[35m/api/v1/signal/app/market-hours\u001b[39m \u001b[93m4 ms\u001b[39m","size":"683","timestamp":"2026-08-17 16:22:13"}
{"level":"info","message":" Incoming Request \u001b[32mGET\u001b[39m \u001b[32m200\u001b[39m \u001b[35m/api/v1/signal/app?page=1&limit=20&category=all\u001b[39m \u001b[93m13 ms\u001b[39m","size":"2445","timestamp":"2026-08-17 16:22:13"}
{"level":"info","message":" Incoming Request \u001b[32mGET\u001b[39m \u001b[32m200\u001b[39m \u001b[35m/api/v1/post/app?page=1&limit=20\u001b[39m \u001b[93m23 ms\u001b[39m","size":"5246","timestamp":"2026-08-17 16:22:14"}
{"level":"info","message":" Incoming Request \u001b[32mGET\u001b[39m \u001b[32m200\u001b[39m \u001b[35m/api/v1/post/app?page=1&limit=20\u001b[39m \u001b[93m18 ms\u001b[39m","size":"5246","timestamp":"2026-08-17 16:22:15"}
{"level":"info","message":" Incoming Request \u001b[32mGET\u001b[39m \u001b[32m200\u001b[39m \u001b[35m/api/v1/notification/app?page=1&limit=30\u001b[39m \u001b[93m23 ms\u001b[39m","size":"1097","timestamp":"2026-08-17 16:22:16"}
{"level":"info","message":" Incoming Request \u001b[32mGET\u001b[39m \u001b[32m200\u001b[39m \u001b[35m/api/v1/signal/app?page=1&limit=20&category=all\u001b[39m \u001b[93m12 ms\u001b[39m","size":"2445","timestamp":"2026-08-17 16:22:17"}
{"level":"info","message":" Incoming Request \u001b[32mGET\u001b[39m \u001b[32m200\u001b[39m \u001b[35m/api/v1/signal/app?page=1&limit=20&category=all\u001b[39m \u001b[93m13 ms\u001b[39m","size":"2445","timestamp":"2026-08-17 16:22:17"}
{"level":"info","message":" Incoming Request \u001b[32mGET\u001b[39m \u001b[32m200\u001b[39m \u001b[35m/api/v1/signal/app/market-hours\u001b[39m \u001b[93m4 ms\u001b[39m","size":"683","timestamp":"2026-08-17 16:22:17"}
{"level":"info","message":" Incoming Request \u001b[32mGET\u001b[39m \u001b[32m200\u001b[39m \u001b[35m/api/v1/signal/app?page=1&limit=20&category=all\u001b[39m \u001b[93m8 ms\u001b[39m","size":"2445","timestamp":"2026-08-17 16:22:17"}
{"level":"info","message":" Incoming Request \u001b[32mGET\u001b[39m \u001b[32m200\u001b[39m \u001b[35m/api/v1/signal/app/market-hours\u001b[39m \u001b[93m12 ms\u001b[39m","size":"683","timestamp":"2026-08-17 16:22:21"}
{"level":"info","message":" Incoming Request \u001b[32mGET\u001b[39m \u001b[32m200\u001b[39m \u001b[35m/api/v1/signal/app?page=1&limit=20&category=all\u001b[39m \u001b[93m32 ms\u001b[39m","size":"2445","timestamp":"2026-08-17 16:22:21"}
{"level":"info","message":" Incoming Request \u001b[32mGET\u001b[39m \u001b[32m200\u001b[39m \u001b[35m/api/v1/user/my-profile\u001b[39m \u001b[93m28 ms\u001b[39m","size":"670","timestamp":"2026-08-17 16:22:28"}
{"level":"info","message":" Incoming Request \u001b[32mGET\u001b[39m \u001b[32m200\u001b[39m \u001b[35m/api/v1/signal/app/market-hours\u001b[39m \u001b[93m18 ms\u001b[39m","size":"683","timestamp":"2026-08-17 16:22:28"}
{"level":"info","message":" Incoming Request \u001b[32mGET\u001b[39m \u001b[32m200\u001b[39m \u001b[35m/api/v1/post/app?page=1&limit=20\u001b[39m \u001b[93m124 ms\u001b[39m","size":"5246","timestamp":"2026-08-17 16:22:28"}
{"level":"info","message":" Incoming Request \u001b[32mGET\u001b[39m \u001b[32m200\u001b[39m \u001b[35m/api/v1/signal/app?page=1&limit=20&category=all\u001b[39m \u001b[93m60 ms\u001b[39m","size":"2445","timestamp":"2026-08-17 16:22:28"}
{"level":"info","message":" Incoming Request \u001b[32mGET\u001b[39m \u001b[32m200\u001b[39m \u001b[35m/api/v1/signal/app/history?page=1&limit=20\u001b[39m \u001b[93m140 ms\u001b[39m","size":"3353","timestamp":"2026-08-17 16:22:28"}
{"level":"info","message":" Incoming Request \u001b[32mGET\u001b[39m \u001b[32m200\u001b[39m \u001b[35m/api/v1/notification/app?page=1&limit=30\u001b[39m \u001b[93m151 ms\u001b[39m","size":"1097","timestamp":"2026-08-17 16:22:28"}
{"level":"info","message":" Incoming Request \u001b[34mPOST\u001b[39m \u001b[32m200\u001b[39m \u001b[35m/stripe/webhook\u001b[39m \u001b[93m1 ms\u001b[39m","size":"17","timestamp":"2026-08-17 16:22:32"}
{"level":"info","message":" Incoming Request \u001b[32mGET\u001b[39m \u001b[32m200\u001b[39m \u001b[35m/api/v1/notification/app?page=1&limit=30\u001b[39m \u001b[93m17 ms\u001b[39m","size":"1097","timestamp":"2026-08-17 16:22:33"}
{"level":"info","message":" Incoming Request \u001b[32mGET\u001b[39m \u001b[32m200\u001b[39m \u001b[35m/api/v1/post/app?page=1&limit=20\u001b[39m \u001b[93m15 ms\u001b[39m","size":"5246","timestamp":"2026-08-17 16:22:33"}
{"level":"info","message":" Incoming Request \u001b[32mGET\u001b[39m \u001b[32m200\u001b[39m \u001b[35m/api/v1/signal/app/history?page=1&limit=20\u001b[39m \u001b[93m18 ms\u001b[39m","size":"3353","timestamp":"2026-08-17 16:22:34"}
{"level":"info","message":" Incoming Request \u001b[32mGET\u001b[39m \u001b[32m200\u001b[39m \u001b[35m/api/v1/user/my-profile\u001b[39m \u001b[93m6 ms\u001b[39m","size":"670","timestamp":"2026-08-17 16:22:36"}
{"level":"info","message":" Incoming Request \u001b[32mGET\u001b[39m \u001b[32m200\u001b[39m \u001b[35m/api/v1/signal/app?page=1&limit=20&category=all\u001b[39m \u001b[93m20 ms\u001b[39m","size":"2445","timestamp":"2026-08-17 16:22:39"}
{"level":"info","message":" Incoming Request \u001b[32mGET\u001b[39m \u001b[32m200\u001b[39m \u001b[35m/api/v1/signal/app/market-hours\u001b[39m \u001b[93m4 ms\u001b[39m","size":"683","timestamp":"2026-08-17 16:22:40"}
{"level":"info","message":" Incoming Request \u001b[32mGET\u001b[39m \u001b[32m200\u001b[39m \u001b[35m/api/v1/user/my-profile\u001b[39m \u001b[93m5 ms\u001b[39m","size":"670","timestamp":"2026-08-17 16:22:41"}
{"level":"info","message":" Incoming Request \u001b[32mGET\u001b[39m \u001b[32m200\u001b[39m \u001b[35m/api/v1/subscription\u001b[39m \u001b[93m5 ms\u001b[39m","size":"2608","timestamp":"2026-08-17 16:22:42"}
{"level":"info","message":" Incoming Request \u001b[32mGET\u001b[39m \u001b[32m200\u001b[39m \u001b[35m/api/v1/subscription/user/trial-status\u001b[39m \u001b[93m12 ms\u001b[39m","size":"193","timestamp":"2026-08-17 16:22:42"}
{"level":"info","message":" Incoming Request \u001b[32mGET\u001b[39m \u001b[32m200\u001b[39m \u001b[35m/api/v1/subscription/user/trial-status\u001b[39m \u001b[93m9 ms\u001b[39m","size":"193","timestamp":"2026-08-17 16:22:45"}
{"level":"info","message":" Incoming Request \u001b[32mGET\u001b[39m \u001b[32m200\u001b[39m \u001b[35m/api/v1/subscription/user/trial-status\u001b[39m \u001b[93m21 ms\u001b[39m","size":"193","timestamp":"2026-08-17 16:22:52"}
{"level":"info","message":" Incoming Request \u001b[34mPOST\u001b[39m \u001b[32m201\u001b[39m \u001b[35m/api/v1/subscription/purchase/initiate\u001b[39m \u001b[93m675 ms\u001b[39m","size":"2198","timestamp":"2026-08-17 16:22:54"}
{"level":"info","message":" Incoming Request \u001b[32mGET\u001b[39m \u001b[32m200\u001b[39m \u001b[35m/api/v1/user/my-profile\u001b[39m \u001b[93m9 ms\u001b[39m","size":"670","timestamp":"2026-08-17 16:23:26"}
{"level":"info","message":" Incoming Request \u001b[32mGET\u001b[39m \u001b[32m200\u001b[39m \u001b[35m/api/v1/signal/app/market-hours\u001b[39m \u001b[93m7 ms\u001b[39m","size":"683","timestamp":"2026-08-17 16:23:26"}
{"level":"info","message":" Incoming Request \u001b[32mGET\u001b[39m \u001b[32m200\u001b[39m \u001b[35m/api/v1/signal/app/history?page=1&limit=20\u001b[39m \u001b[93m18 ms\u001b[39m","size":"519","timestamp":"2026-08-17 16:23:26"}
{"level":"info","message":" Incoming Request \u001b[32mGET\u001b[39m \u001b[31m403\u001b[39m \u001b[35m/api/v1/post/app?page=1&limit=20\u001b[39m \u001b[93m31 ms\u001b[39m","size":"214","timestamp":"2026-08-17 16:23:26"}
{"level":"info","message":" Incoming Request \u001b[32mGET\u001b[39m \u001b[32m200\u001b[39m \u001b[35m/api/v1/signal/app?page=1&limit=20&category=all\u001b[39m \u001b[93m40 ms\u001b[39m","size":"446","timestamp":"2026-08-17 16:23:26"}
{"level":"info","message":" Incoming Request \u001b[32mGET\u001b[39m \u001b[32m200\u001b[39m \u001b[35m/api/v1/notification/app?page=1&limit=30\u001b[39m \u001b[93m54 ms\u001b[39m","size":"1097","timestamp":"2026-08-17 16:23:26"}
{"level":"info","message":" Incoming Request \u001b[32mGET\u001b[39m \u001b[32m200\u001b[39m \u001b[35m/api/v1/user/my-profile\u001b[39m \u001b[93m10 ms\u001b[39m","size":"670","timestamp":"2026-08-17 16:23:27"}
{"level":"info","message":" Incoming Request \u001b[32mGET\u001b[39m \u001b[32m200\u001b[39m \u001b[35m/api/v1/subscription\u001b[39m \u001b[93m7 ms\u001b[39m","size":"2608","timestamp":"2026-08-17 16:23:29"}
{"level":"info","message":" Incoming Request \u001b[32mGET\u001b[39m \u001b[32m200\u001b[39m \u001b[35m/api/v1/subscription/user/trial-status\u001b[39m \u001b[93m25 ms\u001b[39m","size":"193","timestamp":"2026-08-17 16:23:29"}
{"level":"info","message":" Incoming Request \u001b[32mGET\u001b[39m \u001b[32m200\u001b[39m \u001b[35m/api/v1/subscription/user/trial-status\u001b[39m \u001b[93m9 ms\u001b[39m","size":"193","timestamp":"2026-08-17 16:23:32"}
{"level":"info","message":" Incoming Request \u001b[32mGET\u001b[39m \u001b[32m200\u001b[39m \u001b[35m/api/v1/subscription\u001b[39m \u001b[93m10 ms\u001b[39m","size":"2608","timestamp":"2026-08-17 16:23:55"}
{"level":"info","message":" Incoming Request \u001b[32mGET\u001b[39m \u001b[32m200\u001b[39m \u001b[35m/api/v1/signal/app/market-hours\u001b[39m \u001b[93m71 ms\u001b[39m","size":"683","timestamp":"2026-08-17 16:30:27"}
{"level":"info","message":" Incoming Request \u001b[32mGET\u001b[39m \u001b[32m200\u001b[39m \u001b[35m/api/v1/user/my-profile\u001b[39m \u001b[93m96 ms\u001b[39m","size":"670","timestamp":"2026-08-17 16:30:27"}
{"level":"info","message":" Incoming Request \u001b[32mGET\u001b[39m \u001b[31m403\u001b[39m \u001b[35m/api/v1/post/app?page=1&limit=20\u001b[39m \u001b[93m111 ms\u001b[39m","size":"214","timestamp":"2026-08-17 16:30:27"}
{"level":"info","message":" Incoming Request \u001b[32mGET\u001b[39m \u001b[32m200\u001b[39m \u001b[35m/api/v1/signal/app/history?page=1&limit=20\u001b[39m \u001b[93m113 ms\u001b[39m","size":"519","timestamp":"2026-08-17 16:30:28"}
{"level":"info","message":" Incoming Request \u001b[32mGET\u001b[39m \u001b[32m200\u001b[39m \u001b[35m/api/v1/signal/app?page=1&limit=20&category=all\u001b[39m \u001b[93m178 ms\u001b[39m","size":"446","timestamp":"2026-08-17 16:30:28"}
{"level":"info","message":" Incoming Request \u001b[32mGET\u001b[39m \u001b[32m200\u001b[39m \u001b[35m/api/v1/notification/app?page=1&limit=30\u001b[39m \u001b[93m178 ms\u001b[39m","size":"1097","timestamp":"2026-08-17 16:30:28"}
{"level":"info","message":" Incoming Request \u001b[32mGET\u001b[39m \u001b[32m200\u001b[39m \u001b[35m/api/v1/user/my-profile\u001b[39m \u001b[93m11 ms\u001b[39m","size":"670","timestamp":"2026-08-17 16:30:28"}
{"level":"info","message":" Incoming Request \u001b[32mGET\u001b[39m \u001b[32m200\u001b[39m \u001b[35m/api/v1/subscription\u001b[39m \u001b[93m9 ms\u001b[39m","size":"2608","timestamp":"2026-08-17 16:30:30"}
{"level":"info","message":" Incoming Request \u001b[32mGET\u001b[39m \u001b[32m200\u001b[39m \u001b[35m/api/v1/subscription/user/trial-status\u001b[39m \u001b[93m28 ms\u001b[39m","size":"193","timestamp":"2026-08-17 16:30:30"}
{"level":"info","message":" Incoming Request \u001b[32mGET\u001b[39m \u001b[32m200\u001b[39m \u001b[35m/api/v1/subscription/user/trial-status\u001b[39m \u001b[93m20 ms\u001b[39m","size":"193","timestamp":"2026-08-17 16:30:43"}
{"level":"info","message":" Incoming Request \u001b[34mPOST\u001b[39m \u001b[32m201\u001b[39m \u001b[35m/api/v1/subscription/purchase/initiate\u001b[39m \u001b[93m720 ms\u001b[39m","size":"2274","timestamp":"2026-08-17 16:30:53"}
{"level":"info","message":" Incoming Request \u001b[34mPOST\u001b[39m \u001b[32m200\u001b[39m \u001b[35m/stripe/webhook\u001b[39m \u001b[93m35 ms\u001b[39m","size":"17","timestamp":"2026-08-17 16:31:41"}
{"level":"info","message":" Incoming Request \u001b[34mPOST\u001b[39m \u001b[32m200\u001b[39m \u001b[35m/stripe/webhook\u001b[39m \u001b[93m7 ms\u001b[39m","size":"17","timestamp":"2026-08-17 16:31:41"}
{"level":"info","message":" Incoming Request \u001b[34mPOST\u001b[39m \u001b[32m200\u001b[39m \u001b[35m/stripe/webhook\u001b[39m \u001b[93m2 ms\u001b[39m","size":"17","timestamp":"2026-08-17 16:31:41"}
{"level":"info","message":" Incoming Request \u001b[34mPOST\u001b[39m \u001b[32m200\u001b[39m \u001b[35m/stripe/webhook\u001b[39m \u001b[93m8 ms\u001b[39m","size":"17","timestamp":"2026-08-17 16:31:41"}
{"level":"info","message":" Incoming Request \u001b[34mPOST\u001b[39m \u001b[32m200\u001b[39m \u001b[35m/stripe/webhook\u001b[39m \u001b[93m1 ms\u001b[39m","size":"17","timestamp":"2026-08-17 16:31:42"}
{"level":"info","message":" Incoming Request \u001b[34mPOST\u001b[39m \u001b[32m200\u001b[39m \u001b[35m/stripe/webhook\u001b[39m \u001b[93m1 ms\u001b[39m","size":"17","timestamp":"2026-08-17 16:31:42"}
{"level":"info","message":" Incoming Request \u001b[34mPOST\u001b[39m \u001b[32m200\u001b[39m \u001b[35m/stripe/webhook\u001b[39m \u001b[93m1 ms\u001b[39m","size":"17","timestamp":"2026-08-17 16:31:42"}
{"level":"info","message":" Incoming Request \u001b[34mPOST\u001b[39m \u001b[32m200\u001b[39m \u001b[35m/stripe/webhook\u001b[39m \u001b[93m2 ms\u001b[39m","size":"17","timestamp":"2026-08-17 16:31:42"}
{"level":"info","message":" Incoming Request \u001b[34mPOST\u001b[39m \u001b[32m200\u001b[39m \u001b[35m/stripe/webhook\u001b[39m \u001b[93m4 ms\u001b[39m","size":"17","timestamp":"2026-08-17 16:31:42"}
{"level":"info","message":" Incoming Request \u001b[34mPOST\u001b[39m \u001b[32m200\u001b[39m \u001b[35m/stripe/webhook\u001b[39m \u001b[93m1 ms\u001b[39m","size":"17","timestamp":"2026-08-17 16:31:42"}
{"level":"info","message":" Incoming Request \u001b[34mPOST\u001b[39m \u001b[32m200\u001b[39m \u001b[35m/stripe/webhook\u001b[39m \u001b[93m1 ms\u001b[39m","size":"17","timestamp":"2026-08-17 16:31:42"}
{"level":"info","message":" Incoming Request \u001b[34mPOST\u001b[39m \u001b[32m200\u001b[39m \u001b[35m/stripe/webhook\u001b[39m \u001b[93m1 ms\u001b[39m","size":"17","timestamp":"2026-08-17 16:31:42"}
{"level":"info","message":" Incoming Request \u001b[34mPOST\u001b[39m \u001b[32m200\u001b[39m \u001b[35m/stripe/webhook\u001b[39m \u001b[93m1 ms\u001b[39m","size":"17","timestamp":"2026-08-17 16:31:42"}
{"level":"info","message":" Incoming Request \u001b[34mPOST\u001b[39m \u001b[32m200\u001b[39m \u001b[35m/stripe/webhook\u001b[39m \u001b[93m3 ms\u001b[39m","size":"17","timestamp":"2026-08-17 16:31:43"}
{"level":"info","message":" Incoming Request \u001b[32mGET\u001b[39m \u001b[34m304\u001b[39m \u001b[35m/api/v1/subscription?includeDisabled=true\u001b[39m \u001b[93m14 ms\u001b[39m","size":0,"timestamp":"2026-08-17 16:31:52"}
{"level":"info","message":" Incoming Request \u001b[32mGET\u001b[39m \u001b[32m200\u001b[39m \u001b[35m/api/v1/subscription/trial-config\u001b[39m \u001b[93m80 ms\u001b[39m","size":"434","timestamp":"2026-08-17 16:31:52"}
{"level":"info","message":" Incoming Request \u001b[32mGET\u001b[39m \u001b[32m200\u001b[39m \u001b[35m/api/v1/subscription/user/trial-status\u001b[39m \u001b[93m15 ms\u001b[39m","size":"193","timestamp":"2026-08-17 16:31:53"}
{"level":"info","message":" Incoming Request \u001b[32mGET\u001b[39m \u001b[32m200\u001b[39m \u001b[35m/api/v1/signal/app/history?page=1&limit=20\u001b[39m \u001b[93m52 ms\u001b[39m","size":"5373","timestamp":"2026-08-17 16:31:59"}
{"level":"info","message":" Incoming Request \u001b[32mGET\u001b[39m \u001b[32m200\u001b[39m \u001b[35m/api/v1/signal/app/history?page=1&limit=20\u001b[39m \u001b[93m18 ms\u001b[39m","size":"5373","timestamp":"2026-08-17 16:31:59"}
{"level":"info","message":" Incoming Request \u001b[32mGET\u001b[39m \u001b[32m200\u001b[39m \u001b[35m/api/v1/signal/app/history?page=1&limit=20\u001b[39m \u001b[93m39 ms\u001b[39m","size":"5373","timestamp":"2026-08-17 16:32:00"}
{"level":"info","message":" Incoming Request \u001b[32mGET\u001b[39m \u001b[32m200\u001b[39m \u001b[35m/api/v1/signal/app/history?page=1&limit=20\u001b[39m \u001b[93m21 ms\u001b[39m","size":"5373","timestamp":"2026-08-17 16:32:00"}
{"level":"info","message":" Incoming Request \u001b[32mGET\u001b[39m \u001b[32m200\u001b[39m \u001b[35m/api/v1/signal/app/history?page=1&limit=20\u001b[39m \u001b[93m25 ms\u001b[39m","size":"5373","timestamp":"2026-08-17 16:32:00"}
{"level":"info","message":" Incoming Request \u001b[32mGET\u001b[39m \u001b[32m200\u001b[39m \u001b[35m/api/v1/post/app?page=1&limit=20\u001b[39m \u001b[93m50 ms\u001b[39m","size":"5270","timestamp":"2026-08-17 16:32:01"}
{"level":"info","message":" Incoming Request \u001b[32mGET\u001b[39m \u001b[32m200\u001b[39m \u001b[35m/api/v1/notification/app?page=1&limit=30\u001b[39m \u001b[93m35 ms\u001b[39m","size":"782","timestamp":"2026-08-17 16:32:02"}
{"level":"info","message":" Incoming Request \u001b[32mGET\u001b[39m \u001b[34m304\u001b[39m \u001b[35m/api/v1/signal/types\u001b[39m \u001b[93m92 ms\u001b[39m","size":0,"timestamp":"2026-08-17 16:32:02"}
{"level":"info","message":" Incoming Request \u001b[32mGET\u001b[39m \u001b[34m304\u001b[39m \u001b[35m/api/v1/notification/audience-stats\u001b[39m \u001b[93m92 ms\u001b[39m","size":0,"timestamp":"2026-08-17 16:32:02"}
{"level":"info","message":" Incoming Request \u001b[32mGET\u001b[39m \u001b[32m200\u001b[39m \u001b[35m/api/v1/signal/app/market-hours\u001b[39m \u001b[93m13 ms\u001b[39m","size":"683","timestamp":"2026-08-17 16:32:02"}
{"level":"info","message":" Incoming Request \u001b[32mGET\u001b[39m \u001b[32m200\u001b[39m \u001b[35m/api/v1/dashboard/stats?range=6M\u001b[39m \u001b[93m296 ms\u001b[39m","size":"1827","timestamp":"2026-08-17 16:32:02"}
{"level":"info","message":" Incoming Request \u001b[32mGET\u001b[39m \u001b[32m200\u001b[39m \u001b[35m/api/v1/signal/app?page=1&limit=20&category=all\u001b[39m \u001b[93m27 ms\u001b[39m","size":"4275","timestamp":"2026-08-17 16:32:02"}
{"level":"info","message":" Incoming Request \u001b[32mGET\u001b[39m \u001b[32m200\u001b[39m \u001b[35m/api/v1/notification/app?page=1&limit=30\u001b[39m \u001b[93m65 ms\u001b[39m","size":"782","timestamp":"2026-08-17 16:32:03"}
{"level":"info","message":" Incoming Request \u001b[32mGET\u001b[39m \u001b[32m200\u001b[39m \u001b[35m/api/v1/post/app?page=1&limit=20\u001b[39m \u001b[93m59 ms\u001b[39m","size":"5270","timestamp":"2026-08-17 16:32:03"}
{"level":"info","message":" Incoming Request \u001b[34mPOST\u001b[39m \u001b[32m200\u001b[39m \u001b[35m/stripe/webhook\u001b[39m \u001b[93m1 ms\u001b[39m","size":"17","timestamp":"2026-08-17 16:32:04"}
{"level":"info","message":" Incoming Request \u001b[32mGET\u001b[39m \u001b[32m200\u001b[39m \u001b[35m/api/v1/signal/app/history?page=1&limit=20\u001b[39m \u001b[93m42 ms\u001b[39m","size":"5373","timestamp":"2026-08-17 16:32:04"}
{"level":"info","message":" Incoming Request \u001b[32mGET\u001b[39m \u001b[34m304\u001b[39m \u001b[35m/api/v1/notification/audience-stats\u001b[39m \u001b[93m14 ms\u001b[39m","size":0,"timestamp":"2026-08-17 16:32:07"}
{"level":"info","message":" Incoming Request \u001b[32mGET\u001b[39m \u001b[34m304\u001b[39m \u001b[35m/api/v1/signal/types\u001b[39m \u001b[93m21 ms\u001b[39m","size":0,"timestamp":"2026-08-17 16:32:07"}
{"level":"info","message":" Incoming Request \u001b[32mGET\u001b[39m \u001b[34m304\u001b[39m \u001b[35m/api/v1/user/my-profile\u001b[39m \u001b[93m11 ms\u001b[39m","size":0,"timestamp":"2026-08-17 16:32:07"}
{"level":"info","message":" Incoming Request \u001b[32mGET\u001b[39m \u001b[34m304\u001b[39m \u001b[35m/api/v1/dashboard/stats?range=6M\u001b[39m \u001b[93m111 ms\u001b[39m","size":0,"timestamp":"2026-08-17 16:32:07"}
{"level":"info","message":" Incoming Request \u001b[32mGET\u001b[39m \u001b[34m304\u001b[39m \u001b[35m/api/v1/signal\u001b[39m \u001b[93m22 ms\u001b[39m","size":0,"timestamp":"2026-08-17 16:32:11"}
{"level":"info","message":" Incoming Request \u001b[32mGET\u001b[39m \u001b[34m304\u001b[39m \u001b[35m/api/v1/coupon\u001b[39m \u001b[93m4 ms\u001b[39m","size":0,"timestamp":"2026-08-17 16:32:14"}
{"level":"info","message":" Incoming Request \u001b[32mGET\u001b[39m \u001b[34m304\u001b[39m \u001b[35m/api/v1/subscription?includeDisabled=true\u001b[39m \u001b[93m10 ms\u001b[39m","size":0,"timestamp":"2026-08-17 16:32:17"}
{"level":"info","message":" Incoming Request \u001b[32mGET\u001b[39m \u001b[34m304\u001b[39m \u001b[35m/api/v1/subscription/trial-config\u001b[39m \u001b[93m8 ms\u001b[39m","size":0,"timestamp":"2026-08-17 16:32:17"}
{"level":"info","message":" Incoming Request \u001b[32mGET\u001b[39m \u001b[32m200\u001b[39m \u001b[35m/api/v1/user/all-user?page=1&limit=10\u001b[39m \u001b[93m33 ms\u001b[39m","size":"3535","timestamp":"2026-08-17 16:32:20"}
{"level":"info","message":" Incoming Request \u001b[32mGET\u001b[39m \u001b[32m200\u001b[39m \u001b[35m/api/v1/user/all-user?page=1&limit=10&subscriptionType=VIP\u001b[39m \u001b[93m15 ms\u001b[39m","size":"745","timestamp":"2026-08-17 16:32:33"}
{"level":"info","message":" Incoming Request \u001b[32mGET\u001b[39m \u001b[34m304\u001b[39m \u001b[35m/api/v1/user/all-user?page=1&limit=10&subscriptionType=VIP\u001b[39m \u001b[93m8 ms\u001b[39m","size":0,"timestamp":"2026-08-17 16:32:40"}
{"level":"info","message":" Incoming Request \u001b[32mGET\u001b[39m \u001b[34m304\u001b[39m \u001b[35m/api/v1/user/all-user?page=1&limit=10&subscriptionType=VIP\u001b[39m \u001b[93m8 ms\u001b[39m","size":0,"timestamp":"2026-08-17 16:32:41"}
{"level":"info","message":" Incoming Request \u001b[32mGET\u001b[39m \u001b[34m304\u001b[39m \u001b[35m/api/v1/user/all-user?page=1&limit=10&subscriptionType=VIP\u001b[39m \u001b[93m8 ms\u001b[39m","size":0,"timestamp":"2026-08-17 16:32:42"}
{"level":"info","message":" Incoming Request \u001b[32mGET\u001b[39m \u001b[34m304\u001b[39m \u001b[35m/api/v1/user/all-user?page=1&limit=10&subscriptionType=VIP\u001b[39m \u001b[93m10 ms\u001b[39m","size":0,"timestamp":"2026-08-17 16:32:42"}
{"level":"info","message":" Incoming Request \u001b[32mGET\u001b[39m \u001b[34m304\u001b[39m \u001b[35m/api/v1/user/all-user?page=1&limit=10&subscriptionType=VIP\u001b[39m \u001b[93m10 ms\u001b[39m","size":0,"timestamp":"2026-08-17 16:32:42"}
{"level":"info","message":" Incoming Request \u001b[32mGET\u001b[39m \u001b[34m304\u001b[39m \u001b[35m/api/v1/user/all-user?page=1&limit=10\u001b[39m \u001b[93m37 ms\u001b[39m","size":0,"timestamp":"2026-08-17 16:33:29"}
{"level":"info","message":" Incoming Request \u001b[32mGET\u001b[39m \u001b[34m304\u001b[39m \u001b[35m/api/v1/user/all-user?page=1&limit=10\u001b[39m \u001b[93m17 ms\u001b[39m","size":0,"timestamp":"2026-08-17 16:33:30"}
{"level":"info","message":" Incoming Request \u001b[32mGET\u001b[39m \u001b[34m304\u001b[39m \u001b[35m/api/v1/user/all-user?page=1&limit=10\u001b[39m \u001b[93m18 ms\u001b[39m","size":0,"timestamp":"2026-08-17 16:33:30"}
{"level":"info","message":" Incoming Request \u001b[32mGET\u001b[39m \u001b[32m200\u001b[39m \u001b[35m/api/v1/user/all-user?page=1&limit=10&subscriptionType=Forex\u001b[39m \u001b[93m20 ms\u001b[39m","size":"173","timestamp":"2026-08-17 16:33:48"}
{"level":"info","message":" Incoming Request \u001b[32mGET\u001b[39m \u001b[32m200\u001b[39m \u001b[35m/api/v1/user/all-user?page=1&limit=10&subscriptionType=Crypto\u001b[39m \u001b[93m9 ms\u001b[39m","size":"173","timestamp":"2026-08-17 16:33:49"}
{"level":"info","message":" Incoming Request \u001b[32mGET\u001b[39m \u001b[32m200\u001b[39m \u001b[35m/api/v1/signal/app/history?page=1&limit=20\u001b[39m \u001b[93m103 ms\u001b[39m","size":"5373","timestamp":"2026-08-17 16:34:31"}
{"level":"info","message":" Incoming Request \u001b[32mGET\u001b[39m \u001b[32m200\u001b[39m \u001b[35m/api/v1/signal/app/market-hours\u001b[39m \u001b[93m17 ms\u001b[39m","size":"683","timestamp":"2026-08-17 16:34:39"}
{"level":"info","message":" Incoming Request \u001b[32mGET\u001b[39m \u001b[32m200\u001b[39m \u001b[35m/api/v1/post/app?page=1&limit=20\u001b[39m \u001b[93m62 ms\u001b[39m","size":"5270","timestamp":"2026-08-17 16:34:39"}
{"level":"info","message":" Incoming Request \u001b[32mGET\u001b[39m \u001b[32m200\u001b[39m \u001b[35m/api/v1/user/my-profile\u001b[39m \u001b[93m30 ms\u001b[39m","size":"668","timestamp":"2026-08-17 16:34:39"}
{"level":"info","message":" Incoming Request \u001b[32mGET\u001b[39m \u001b[32m200\u001b[39m \u001b[35m/api/v1/signal/app?page=1&limit=20&category=all\u001b[39m \u001b[93m61 ms\u001b[39m","size":"4275","timestamp":"2026-08-17 16:34:39"}
{"level":"info","message":" Incoming Request \u001b[32mGET\u001b[39m \u001b[32m200\u001b[39m \u001b[35m/api/v1/signal/app/history?page=1&limit=20\u001b[39m \u001b[93m79 ms\u001b[39m","size":"5373","timestamp":"2026-08-17 16:34:39"}
{"level":"info","message":" Incoming Request \u001b[32mGET\u001b[39m \u001b[32m200\u001b[39m \u001b[35m/api/v1/notification/app?page=1&limit=30\u001b[39m \u001b[93m88 ms\u001b[39m","size":"782","timestamp":"2026-08-17 16:34:39"}
{"level":"info","message":" Incoming Request \u001b[32mGET\u001b[39m \u001b[32m200\u001b[39m \u001b[35m/api/v1/signal/app/history?page=1&limit=20\u001b[39m \u001b[93m11 ms\u001b[39m","size":"5373","timestamp":"2026-08-17 16:34:41"}
{"level":"info","message":" Incoming Request \u001b[32mGET\u001b[39m \u001b[32m200\u001b[39m \u001b[35m/api/v1/user/my-profile\u001b[39m \u001b[93m4 ms\u001b[39m","size":"668","timestamp":"2026-08-17 16:34:46"}
{"level":"info","message":" Incoming Request \u001b[34mPOST\u001b[39m \u001b[32m200\u001b[39m \u001b[35m/api/v1/user/login\u001b[39m \u001b[93m262 ms\u001b[39m","size":"786","timestamp":"2026-08-17 16:35:25"}
{"level":"info","message":" Incoming Request \u001b[32mGET\u001b[39m \u001b[32m200\u001b[39m \u001b[35m/api/v1/subscription\u001b[39m \u001b[93m5 ms\u001b[39m","size":"2608","timestamp":"2026-08-17 16:35:25"}
{"level":"info","message":" Incoming Request \u001b[32mGET\u001b[39m \u001b[32m200\u001b[39m \u001b[35m/api/v1/subscription/user/trial-status\u001b[39m \u001b[93m42 ms\u001b[39m","size":"141","timestamp":"2026-08-17 16:35:27"}
{"level":"info","message":" Incoming Request \u001b[32mGET\u001b[39m \u001b[32m200\u001b[39m \u001b[35m/api/v1/subscription/user/trial-status\u001b[39m \u001b[93m19 ms\u001b[39m","size":"141","timestamp":"2026-08-17 16:35:44"}
{"level":"info","message":" Incoming Request \u001b[34mPOST\u001b[39m \u001b[32m201\u001b[39m \u001b[35m/api/v1/subscription/purchase/initiate\u001b[39m \u001b[93m123 ms\u001b[39m","size":"1569","timestamp":"2026-08-17 16:35:56"}
{"level":"info","message":" Incoming Request \u001b[32mGET\u001b[39m \u001b[32m200\u001b[39m \u001b[35m/api/v1/subscription/user/trial-status\u001b[39m \u001b[93m90 ms\u001b[39m","size":"256","timestamp":"2026-08-17 16:35:56"}
{"level":"info","message":" Incoming Request \u001b[32mGET\u001b[39m \u001b[32m200\u001b[39m \u001b[35m/api/v1/user/my-profile\u001b[39m \u001b[93m14 ms\u001b[39m","size":"629","timestamp":"2026-08-17 16:35:57"}
{"level":"info","message":" Incoming Request \u001b[32mGET\u001b[39m \u001b[32m200\u001b[39m \u001b[35m/api/v1/signal/app/market-hours\u001b[39m \u001b[93m7 ms\u001b[39m","size":"683","timestamp":"2026-08-17 16:35:57"}
{"level":"info","message":" Incoming Request \u001b[32mGET\u001b[39m \u001b[32m200\u001b[39m \u001b[35m/api/v1/signal/app?page=1&limit=20&category=all\u001b[39m \u001b[93m20 ms\u001b[39m","size":"1944","timestamp":"2026-08-17 16:35:57"}
{"level":"info","message":" Incoming Request \u001b[32mGET\u001b[39m \u001b[32m200\u001b[39m \u001b[35m/api/v1/signal/app/history?page=1&limit=20\u001b[39m \u001b[93m25 ms\u001b[39m","size":"2003","timestamp":"2026-08-17 16:35:57"}
{"level":"info","message":" Incoming Request \u001b[32mGET\u001b[39m \u001b[32m200\u001b[39m \u001b[35m/api/v1/post/app?page=1&limit=20\u001b[39m \u001b[93m32 ms\u001b[39m","size":"5241","timestamp":"2026-08-17 16:35:57"}
{"level":"info","message":" Incoming Request \u001b[32mGET\u001b[39m \u001b[32m200\u001b[39m \u001b[35m/api/v1/notification/app?page=1&limit=30\u001b[39m \u001b[93m38 ms\u001b[39m","size":"1416","timestamp":"2026-08-17 16:35:57"}
{"level":"info","message":" Incoming Request \u001b[32mGET\u001b[39m \u001b[32m200\u001b[39m \u001b[35m/api/v1/user/all-user?page=1&limit=10\u001b[39m \u001b[93m41 ms\u001b[39m","size":"3604","timestamp":"2026-08-17 16:36:18"}
{"level":"info","message":" Incoming Request \u001b[32mGET\u001b[39m \u001b[34m304\u001b[39m \u001b[35m/api/v1/user/all-user?page=1&limit=10&subscriptionType=Forex\u001b[39m \u001b[93m11 ms\u001b[39m","size":0,"timestamp":"2026-08-17 16:36:32"}
{"level":"info","message":" Incoming Request \u001b[32mGET\u001b[39m \u001b[34m304\u001b[39m \u001b[35m/api/v1/user/all-user?page=1&limit=10&subscriptionType=VIP\u001b[39m \u001b[93m10 ms\u001b[39m","size":0,"timestamp":"2026-08-17 16:36:34"}
{"level":"info","message":" Incoming Request \u001b[32mGET\u001b[39m \u001b[32m200\u001b[39m \u001b[35m/api/v1/user/all-user?page=1&limit=10&subscriptionType=Crypto\u001b[39m \u001b[93m18 ms\u001b[39m","size":"706","timestamp":"2026-08-17 16:36:35"}
{"level":"info","message":" Incoming Request \u001b[32mGET\u001b[39m \u001b[34m304\u001b[39m \u001b[35m/api/v1/user/all-user?page=1&limit=10&subscriptionType=Forex\u001b[39m \u001b[93m5 ms\u001b[39m","size":0,"timestamp":"2026-08-17 16:36:43"}
{"level":"info","message":" Incoming Request \u001b[32mGET\u001b[39m \u001b[34m304\u001b[39m \u001b[35m/api/v1/subscription?includeDisabled=true\u001b[39m \u001b[93m12 ms\u001b[39m","size":0,"timestamp":"2026-08-17 16:36:52"}
{"level":"info","message":" Incoming Request \u001b[32mGET\u001b[39m \u001b[32m200\u001b[39m \u001b[35m/api/v1/subscription/trial-config\u001b[39m \u001b[93m22 ms\u001b[39m","size":"434","timestamp":"2026-08-17 16:36:52"}
{"level":"info","message":" Incoming Request \u001b[32mGET\u001b[39m \u001b[32m200\u001b[39m \u001b[35m/api/v1/signal/app/history?page=1&limit=20\u001b[39m \u001b[93m71 ms\u001b[39m","size":"2003","timestamp":"2026-08-17 16:37:09"}
{"level":"info","message":" Incoming Request \u001b[32mGET\u001b[39m \u001b[32m200\u001b[39m \u001b[35m/api/v1/user/my-profile\u001b[39m \u001b[93m5 ms\u001b[39m","size":"629","timestamp":"2026-08-17 16:37:10"}
{"level":"info","message":" Incoming Request \u001b[32mGET\u001b[39m \u001b[32m200\u001b[39m \u001b[35m/api/v1/subscription\u001b[39m \u001b[93m3 ms\u001b[39m","size":"2608","timestamp":"2026-08-17 16:37:12"}
{"level":"info","message":" Incoming Request \u001b[32mGET\u001b[39m \u001b[32m200\u001b[39m \u001b[35m/api/v1/subscription/user/trial-status\u001b[39m \u001b[93m16 ms\u001b[39m","size":"256","timestamp":"2026-08-17 16:37:12"}
{"level":"info","message":" Incoming Request \u001b[32mGET\u001b[39m \u001b[32m200\u001b[39m \u001b[35m/api/v1/subscription/user/trial-status\u001b[39m \u001b[93m24 ms\u001b[39m","size":"256","timestamp":"2026-08-17 16:37:16"}
{"level":"info","message":" Incoming Request \u001b[34mPOST\u001b[39m \u001b[32m201\u001b[39m \u001b[35m/api/v1/subscription/purchase/initiate\u001b[39m \u001b[93m850 ms\u001b[39m","size":"2180","timestamp":"2026-08-17 16:37:19"}
{"level":"info","message":" Incoming Request \u001b[32mGET\u001b[39m \u001b[34m304\u001b[39m \u001b[35m/api/v1/signal/types\u001b[39m \u001b[93m55 ms\u001b[39m","size":0,"timestamp":"2026-08-17 16:37:36"}
{"level":"info","message":" Incoming Request \u001b[32mGET\u001b[39m \u001b[32m200\u001b[39m \u001b[35m/api/v1/notification/audience-stats\u001b[39m \u001b[93m54 ms\u001b[39m","size":"139","timestamp":"2026-08-17 16:37:36"}
{"level":"info","message":" Incoming Request \u001b[32mGET\u001b[39m \u001b[32m200\u001b[39m \u001b[35m/api/v1/dashboard/stats?range=6M\u001b[39m \u001b[93m129 ms\u001b[39m","size":"1827","timestamp":"2026-08-17 16:37:36"}
{"level":"info","message":" Incoming Request \u001b[34mPOST\u001b[39m \u001b[32m200\u001b[39m \u001b[35m/stripe/webhook\u001b[39m \u001b[93m19 ms\u001b[39m","size":"17","timestamp":"2026-08-17 16:38:26"}
{"level":"info","message":" Incoming Request \u001b[34mPOST\u001b[39m \u001b[32m200\u001b[39m \u001b[35m/stripe/webhook\u001b[39m \u001b[93m14 ms\u001b[39m","size":"17","timestamp":"2026-08-17 16:38:26"}
{"level":"info","message":" Incoming Request \u001b[34mPOST\u001b[39m \u001b[32m200\u001b[39m \u001b[35m/stripe/webhook\u001b[39m \u001b[93m1 ms\u001b[39m","size":"17","timestamp":"2026-08-17 16:38:26"}
{"level":"info","message":" Incoming Request \u001b[34mPOST\u001b[39m \u001b[32m200\u001b[39m \u001b[35m/stripe/webhook\u001b[39m \u001b[93m5 ms\u001b[39m","size":"17","timestamp":"2026-08-17 16:38:26"}
{"level":"info","message":" Incoming Request \u001b[34mPOST\u001b[39m \u001b[32m200\u001b[39m \u001b[35m/stripe/webhook\u001b[39m \u001b[93m55 ms\u001b[39m","size":"17","timestamp":"2026-08-17 16:38:26"}
{"level":"info","message":" Incoming Request \u001b[34mPOST\u001b[39m \u001b[32m200\u001b[39m \u001b[35m/stripe/webhook\u001b[39m \u001b[93m15 ms\u001b[39m","size":"17","timestamp":"2026-08-17 16:38:26"}
{"level":"info","message":" Incoming Request \u001b[34mPOST\u001b[39m \u001b[32m200\u001b[39m \u001b[35m/stripe/webhook\u001b[39m \u001b[93m2 ms\u001b[39m","size":"17","timestamp":"2026-08-17 16:38:26"}
{"level":"info","message":" Incoming Request \u001b[34mPOST\u001b[39m \u001b[32m200\u001b[39m \u001b[35m/stripe/webhook\u001b[39m \u001b[93m2 ms\u001b[39m","size":"17","timestamp":"2026-08-17 16:38:26"}
{"level":"info","message":" Incoming Request \u001b[34mPOST\u001b[39m \u001b[32m200\u001b[39m \u001b[35m/stripe/webhook\u001b[39m \u001b[93m3 ms\u001b[39m","size":"17","timestamp":"2026-08-17 16:38:26"}
{"level":"info","message":" Incoming Request \u001b[34mPOST\u001b[39m \u001b[32m200\u001b[39m \u001b[35m/stripe/webhook\u001b[39m \u001b[93m1 ms\u001b[39m","size":"17","timestamp":"2026-08-17 16:38:26"}
{"level":"info","message":" Incoming Request \u001b[34mPOST\u001b[39m \u001b[32m200\u001b[39m \u001b[35m/stripe/webhook\u001b[39m \u001b[93m1 ms\u001b[39m","size":"17","timestamp":"2026-08-17 16:38:26"}
{"level":"info","message":" Incoming Request \u001b[34mPOST\u001b[39m \u001b[32m200\u001b[39m \u001b[35m/stripe/webhook\u001b[39m \u001b[93m24 ms\u001b[39m","size":"17","timestamp":"2026-08-17 16:38:27"}
{"level":"info","message":" Incoming Request \u001b[34mPOST\u001b[39m \u001b[32m200\u001b[39m \u001b[35m/stripe/webhook\u001b[39m \u001b[93m1 ms\u001b[39m","size":"17","timestamp":"2026-08-17 16:38:27"}
{"level":"info","message":" Incoming Request \u001b[34mPOST\u001b[39m \u001b[32m200\u001b[39m \u001b[35m/stripe/webhook\u001b[39m \u001b[93m2 ms\u001b[39m","size":"17","timestamp":"2026-08-17 16:38:30"}
{"level":"info","message":" Incoming Request \u001b[34mPOST\u001b[39m \u001b[32m200\u001b[39m \u001b[35m/stripe/webhook\u001b[39m \u001b[93m1 ms\u001b[39m","size":"17","timestamp":"2026-08-17 16:38:37"}
{"level":"info","message":" Incoming Request \u001b[32mGET\u001b[39m \u001b[32m200\u001b[39m \u001b[35m/api/v1/user/all-user?page=1&limit=10\u001b[39m \u001b[93m51 ms\u001b[39m","size":"3602","timestamp":"2026-08-17 16:38:52"}
{"level":"info","message":" Incoming Request \u001b[32mGET\u001b[39m \u001b[34m304\u001b[39m \u001b[35m/api/v1/subscription?includeDisabled=true\u001b[39m \u001b[93m15 ms\u001b[39m","size":0,"timestamp":"2026-08-17 16:39:19"}
{"level":"info","message":" Incoming Request \u001b[32mGET\u001b[39m \u001b[32m200\u001b[39m \u001b[35m/api/v1/subscription/trial-config\u001b[39m \u001b[93m63 ms\u001b[39m","size":"434","timestamp":"2026-08-17 16:39:19"}
{"level":"info","message":" Incoming Request \u001b[32mGET\u001b[39m \u001b[32m200\u001b[39m \u001b[35m/api/v1/user/all-user?page=1&limit=10&subscriptionType=VIP\u001b[39m \u001b[93m128 ms\u001b[39m","size":"1277","timestamp":"2026-08-17 16:40:40"}
{"level":"info","message":" Incoming Request \u001b[34mPOST\u001b[39m \u001b[32m200\u001b[39m \u001b[35m/api/v1/user/upgrade-subscription\u001b[39m \u001b[93m230 ms\u001b[39m","size":"611","timestamp":"2026-08-17 16:41:09"}
{"level":"info","message":" Incoming Request \u001b[32mGET\u001b[39m \u001b[32m200\u001b[39m \u001b[35m/api/v1/user/all-user?page=1&limit=10\u001b[39m \u001b[93m18 ms\u001b[39m","size":"3651","timestamp":"2026-08-17 16:41:09"}
{"level":"info","message":" Incoming Request \u001b[32mGET\u001b[39m \u001b[34m304\u001b[39m \u001b[35m/api/v1/subscription?includeDisabled=true\u001b[39m \u001b[93m17 ms\u001b[39m","size":0,"timestamp":"2026-08-17 16:41:31"}
{"level":"info","message":" Incoming Request \u001b[32mGET\u001b[39m \u001b[32m200\u001b[39m \u001b[35m/api/v1/subscription/trial-config\u001b[39m \u001b[93m33 ms\u001b[39m","size":"434","timestamp":"2026-08-17 16:41:31"}
{"level":"info","message":" Incoming Request \u001b[32mGET\u001b[39m \u001b[32m200\u001b[39m \u001b[35m/api/v1/notification/audience-stats\u001b[39m \u001b[93m26 ms\u001b[39m","size":"139","timestamp":"2026-08-17 16:41:33"}
{"level":"info","message":" Incoming Request \u001b[32mGET\u001b[39m \u001b[34m304\u001b[39m \u001b[35m/api/v1/signal/types\u001b[39m \u001b[93m73 ms\u001b[39m","size":0,"timestamp":"2026-08-17 16:41:33"}
{"level":"info","message":" Incoming Request \u001b[32mGET\u001b[39m \u001b[32m200\u001b[39m \u001b[35m/api/v1/dashboard/stats?range=6M\u001b[39m \u001b[93m289 ms\u001b[39m","size":"1831","timestamp":"2026-08-17 16:41:34"}
{"level":"info","message":" Incoming Request \u001b[32mGET\u001b[39m \u001b[32m200\u001b[39m \u001b[35m/api/v1/notification\u001b[39m \u001b[93m18 ms\u001b[39m","size":"1985","timestamp":"2026-08-17 16:41:45"}
{"level":"info","message":" Incoming Request \u001b[32mGET\u001b[39m \u001b[32m200\u001b[39m \u001b[35m/api/v1/post\u001b[39m \u001b[93m14 ms\u001b[39m","size":"2742","timestamp":"2026-08-17 16:41:46"}
{"level":"info","message":" Incoming Request \u001b[32mGET\u001b[39m \u001b[34m304\u001b[39m \u001b[35m/api/v1/signal\u001b[39m \u001b[93m23 ms\u001b[39m","size":0,"timestamp":"2026-08-17 16:41:47"}
{"level":"info","message":" Incoming Request \u001b[32mGET\u001b[39m \u001b[32m200\u001b[39m \u001b[35m/api/v1/user/my-profile\u001b[39m \u001b[93m161 ms\u001b[39m","size":"627","timestamp":"2026-08-17 16:43:43"}
{"level":"info","message":" Incoming Request \u001b[32mGET\u001b[39m \u001b[32m200\u001b[39m \u001b[35m/api/v1/signal/app/market-hours\u001b[39m \u001b[93m70 ms\u001b[39m","size":"683","timestamp":"2026-08-17 16:43:43"}
{"level":"info","message":" Incoming Request \u001b[32mGET\u001b[39m \u001b[32m200\u001b[39m \u001b[35m/api/v1/signal/app/history?page=1&limit=20\u001b[39m \u001b[93m467 ms\u001b[39m","size":"5373","timestamp":"2026-08-17 16:43:44"}
{"level":"info","message":" Incoming Request \u001b[32mGET\u001b[39m \u001b[32m200\u001b[39m \u001b[35m/api/v1/signal/app?page=1&limit=20&category=all\u001b[39m \u001b[93m178 ms\u001b[39m","size":"4275","timestamp":"2026-08-17 16:43:44"}
{"level":"info","message":" Incoming Request \u001b[32mGET\u001b[39m \u001b[32m200\u001b[39m \u001b[35m/api/v1/post/app?page=1&limit=20\u001b[39m \u001b[93m230 ms\u001b[39m","size":"5273","timestamp":"2026-08-17 16:43:44"}
{"level":"info","message":" Incoming Request \u001b[32mGET\u001b[39m \u001b[32m200\u001b[39m \u001b[35m/api/v1/notification/app?page=1&limit=30\u001b[39m \u001b[93m240 ms\u001b[39m","size":"784","timestamp":"2026-08-17 16:43:44"}
{"level":"info","message":" Incoming Request \u001b[32mGET\u001b[39m \u001b[32m200\u001b[39m \u001b[35m/api/v1/signal/app/history?page=1&limit=20\u001b[39m \u001b[93m36 ms\u001b[39m","size":"5373","timestamp":"2026-08-17 16:43:45"}
{"level":"info","message":" Incoming Request \u001b[32mGET\u001b[39m \u001b[32m200\u001b[39m \u001b[35m/api/v1/user/my-profile\u001b[39m \u001b[93m17 ms\u001b[39m","size":"627","timestamp":"2026-08-17 16:43:47"}
{"level":"info","message":" Incoming Request \u001b[32mGET\u001b[39m \u001b[32m200\u001b[39m \u001b[35m/api/v1/subscription\u001b[39m \u001b[93m60 ms\u001b[39m","size":"2608","timestamp":"2026-08-17 16:43:48"}
{"level":"info","message":" Incoming Request \u001b[32mGET\u001b[39m \u001b[32m200\u001b[39m \u001b[35m/api/v1/subscription/user/trial-status\u001b[39m \u001b[93m37 ms\u001b[39m","size":"193","timestamp":"2026-08-17 16:43:49"}
{"level":"info","message":" Incoming Request \u001b[32mGET\u001b[39m \u001b[32m200\u001b[39m \u001b[35m/api/v1/subscription/user/trial-status\u001b[39m \u001b[93m21 ms\u001b[39m","size":"193","timestamp":"2026-08-17 16:43:53"}
{"level":"info","message":" Incoming Request \u001b[34mPOST\u001b[39m \u001b[32m201\u001b[39m \u001b[35m/api/v1/subscription/purchase/initiate\u001b[39m \u001b[93m777 ms\u001b[39m","size":"2274","timestamp":"2026-08-17 16:43:56"}
{"level":"info","message":" Incoming Request \u001b[32mGET\u001b[39m \u001b[32m200\u001b[39m \u001b[35m/api/v1/subscription/user/trial-status\u001b[39m \u001b[93m27 ms\u001b[39m","size":"193","timestamp":"2026-08-17 16:44:07"}
{"level":"info","message":" Incoming Request \u001b[34mPOST\u001b[39m \u001b[32m201\u001b[39m \u001b[35m/api/v1/subscription/purchase/initiate\u001b[39m \u001b[93m483 ms\u001b[39m","size":"2274","timestamp":"2026-08-17 16:44:09"}
{"level":"info","message":" Incoming Request \u001b[34mPOST\u001b[39m \u001b[32m200\u001b[39m \u001b[35m/stripe/webhook\u001b[39m \u001b[93m22 ms\u001b[39m","size":"17","timestamp":"2026-08-17 16:44:48"}
{"level":"info","message":" Incoming Request \u001b[34mPOST\u001b[39m \u001b[32m200\u001b[39m \u001b[35m/stripe/webhook\u001b[39m \u001b[93m3 ms\u001b[39m","size":"17","timestamp":"2026-08-17 16:44:48"}
{"level":"info","message":" Incoming Request \u001b[34mPOST\u001b[39m \u001b[32m200\u001b[39m \u001b[35m/stripe/webhook\u001b[39m \u001b[93m3 ms\u001b[39m","size":"17","timestamp":"2026-08-17 16:44:48"}
{"level":"info","message":" Incoming Request \u001b[34mPOST\u001b[39m \u001b[32m200\u001b[39m \u001b[35m/stripe/webhook\u001b[39m \u001b[93m2 ms\u001b[39m","size":"17","timestamp":"2026-08-17 16:44:48"}
{"level":"info","message":" Incoming Request \u001b[34mPOST\u001b[39m \u001b[32m200\u001b[39m \u001b[35m/stripe/webhook\u001b[39m \u001b[93m9 ms\u001b[39m","size":"17","timestamp":"2026-08-17 16:44:48"}
{"level":"info","message":" Incoming Request \u001b[34mPOST\u001b[39m \u001b[32m200\u001b[39m \u001b[35m/stripe/webhook\u001b[39m \u001b[93m2 ms\u001b[39m","size":"17","timestamp":"2026-08-17 16:44:48"}
{"level":"info","message":" Incoming Request \u001b[34mPOST\u001b[39m \u001b[32m200\u001b[39m \u001b[35m/stripe/webhook\u001b[39m \u001b[93m1 ms\u001b[39m","size":"17","timestamp":"2026-08-17 16:44:48"}
{"level":"info","message":" Incoming Request \u001b[34mPOST\u001b[39m \u001b[32m200\u001b[39m \u001b[35m/stripe/webhook\u001b[39m \u001b[93m75 ms\u001b[39m","size":"17","timestamp":"2026-08-17 16:44:48"}
{"level":"info","message":" Incoming Request \u001b[34mPOST\u001b[39m \u001b[32m200\u001b[39m \u001b[35m/stripe/webhook\u001b[39m \u001b[93m1 ms\u001b[39m","size":"17","timestamp":"2026-08-17 16:44:49"}
{"level":"info","message":" Incoming Request \u001b[34mPOST\u001b[39m \u001b[32m200\u001b[39m \u001b[35m/stripe/webhook\u001b[39m \u001b[93m212 ms\u001b[39m","size":"17","timestamp":"2026-08-17 16:44:49"}
{"level":"info","message":" Incoming Request \u001b[34mPOST\u001b[39m \u001b[32m200\u001b[39m \u001b[35m/stripe/webhook\u001b[39m \u001b[93m4 ms\u001b[39m","size":"17","timestamp":"2026-08-17 16:44:49"}
{"level":"info","message":" Incoming Request \u001b[34mPOST\u001b[39m \u001b[32m200\u001b[39m \u001b[35m/stripe/webhook\u001b[39m \u001b[93m2 ms\u001b[39m","size":"17","timestamp":"2026-08-17 16:44:49"}
{"level":"info","message":" Incoming Request \u001b[34mPOST\u001b[39m \u001b[32m200\u001b[39m \u001b[35m/stripe/webhook\u001b[39m \u001b[93m13 ms\u001b[39m","size":"17","timestamp":"2026-08-17 16:44:49"}
{"level":"info","message":" Incoming Request \u001b[34mPOST\u001b[39m \u001b[32m200\u001b[39m \u001b[35m/stripe/webhook\u001b[39m \u001b[93m2 ms\u001b[39m","size":"17","timestamp":"2026-08-17 16:44:50"}
{"level":"info","message":" Incoming Request \u001b[32mGET\u001b[39m \u001b[32m200\u001b[39m \u001b[35m/api/v1/subscription/user/trial-status\u001b[39m \u001b[93m59 ms\u001b[39m","size":"193","timestamp":"2026-08-17 16:45:01"}
{"level":"info","message":" Incoming Request \u001b[32mGET\u001b[39m \u001b[32m200\u001b[39m \u001b[35m/api/v1/signal/app/market-hours\u001b[39m \u001b[93m41 ms\u001b[39m","size":"683","timestamp":"2026-08-17 16:45:01"}
{"level":"info","message":" Incoming Request \u001b[32mGET\u001b[39m \u001b[32m200\u001b[39m \u001b[35m/api/v1/signal/app?page=1&limit=20&category=all\u001b[39m \u001b[93m133 ms\u001b[39m","size":"4275","timestamp":"2026-08-17 16:45:01"}
{"level":"info","message":" Incoming Request \u001b[32mGET\u001b[39m \u001b[32m200\u001b[39m \u001b[35m/api/v1/signal/app/history?page=1&limit=20\u001b[39m \u001b[93m143 ms\u001b[39m","size":"5373","timestamp":"2026-08-17 16:45:01"}
{"level":"info","message":" Incoming Request \u001b[32mGET\u001b[39m \u001b[32m200\u001b[39m \u001b[35m/api/v1/post/app?page=1&limit=20\u001b[39m \u001b[93m162 ms\u001b[39m","size":"5273","timestamp":"2026-08-17 16:45:01"}
{"level":"info","message":" Incoming Request \u001b[32mGET\u001b[39m \u001b[32m200\u001b[39m \u001b[35m/api/v1/notification/app?page=1&limit=30\u001b[39m \u001b[93m151 ms\u001b[39m","size":"784","timestamp":"2026-08-17 16:45:01"}
{"level":"info","message":" Incoming Request \u001b[32mGET\u001b[39m \u001b[32m200\u001b[39m \u001b[35m/api/v1/signal/app/market-hours\u001b[39m \u001b[93m6 ms\u001b[39m","size":"683","timestamp":"2026-08-17 16:45:01"}
{"level":"info","message":" Incoming Request \u001b[32mGET\u001b[39m \u001b[32m200\u001b[39m \u001b[35m/api/v1/signal/app/history?page=1&limit=20\u001b[39m \u001b[93m36 ms\u001b[39m","size":"5373","timestamp":"2026-08-17 16:45:01"}
{"level":"info","message":" Incoming Request \u001b[32mGET\u001b[39m \u001b[32m200\u001b[39m \u001b[35m/api/v1/signal/app?page=1&limit=20&category=all\u001b[39m \u001b[93m31 ms\u001b[39m","size":"4275","timestamp":"2026-08-17 16:45:01"}
{"level":"info","message":" Incoming Request \u001b[32mGET\u001b[39m \u001b[32m200\u001b[39m \u001b[35m/api/v1/post/app?page=1&limit=20\u001b[39m \u001b[93m27 ms\u001b[39m","size":"5273","timestamp":"2026-08-17 16:45:01"}
{"level":"info","message":" Incoming Request \u001b[32mGET\u001b[39m \u001b[32m200\u001b[39m \u001b[35m/api/v1/notification/app?page=1&limit=30\u001b[39m \u001b[93m32 ms\u001b[39m","size":"784","timestamp":"2026-08-17 16:45:01"}
{"level":"info","message":" Incoming Request \u001b[32mGET\u001b[39m \u001b[32m200\u001b[39m \u001b[35m/api/v1/notification/app?page=1&limit=30\u001b[39m \u001b[93m18 ms\u001b[39m","size":"784","timestamp":"2026-08-17 16:45:03"}
{"level":"info","message":" Incoming Request \u001b[32mGET\u001b[39m \u001b[32m200\u001b[39m \u001b[35m/api/v1/notification/app?page=1&limit=30\u001b[39m \u001b[93m29 ms\u001b[39m","size":"784","timestamp":"2026-08-17 16:45:04"}
{"level":"info","message":" Incoming Request \u001b[32mGET\u001b[39m \u001b[32m200\u001b[39m \u001b[35m/api/v1/notification/app?page=1&limit=30\u001b[39m \u001b[93m37 ms\u001b[39m","size":"784","timestamp":"2026-08-17 16:45:05"}
{"level":"info","message":" Incoming Request \u001b[32mGET\u001b[39m \u001b[32m200\u001b[39m \u001b[35m/api/v1/notification/app?page=1&limit=30\u001b[39m \u001b[93m34 ms\u001b[39m","size":"784","timestamp":"2026-08-17 16:45:05"}
{"level":"info","message":" Incoming Request \u001b[32mGET\u001b[39m \u001b[32m200\u001b[39m \u001b[35m/api/v1/notification/app?page=1&limit=30\u001b[39m \u001b[93m34 ms\u001b[39m","size":"784","timestamp":"2026-08-17 16:45:05"}
{"level":"info","message":" Incoming Request \u001b[32mGET\u001b[39m \u001b[32m200\u001b[39m \u001b[35m/api/v1/signal/app?page=1&limit=20&category=all\u001b[39m \u001b[93m21 ms\u001b[39m","size":"4275","timestamp":"2026-08-17 16:45:06"}
{"level":"info","message":" Incoming Request \u001b[32mGET\u001b[39m \u001b[32m200\u001b[39m \u001b[35m/api/v1/signal/app/market-hours\u001b[39m \u001b[93m8 ms\u001b[39m","size":"683","timestamp":"2026-08-17 16:45:06"}
{"level":"info","message":" Incoming Request \u001b[32mGET\u001b[39m \u001b[32m200\u001b[39m \u001b[35m/api/v1/notification/app?page=1&limit=30\u001b[39m \u001b[93m46 ms\u001b[39m","size":"784","timestamp":"2026-08-17 16:45:06"}
{"level":"info","message":" Incoming Request \u001b[32mGET\u001b[39m \u001b[32m200\u001b[39m \u001b[35m/api/v1/notification/app?page=1&limit=30\u001b[39m \u001b[93m37 ms\u001b[39m","size":"784","timestamp":"2026-08-17 16:45:08"}
{"level":"info","message":" Incoming Request \u001b[32mGET\u001b[39m \u001b[32m200\u001b[39m \u001b[35m/api/v1/notification/app?page=1&limit=30\u001b[39m \u001b[93m15 ms\u001b[39m","size":"784","timestamp":"2026-08-17 16:45:09"}
{"level":"info","message":" Incoming Request \u001b[32mGET\u001b[39m \u001b[32m200\u001b[39m \u001b[35m/api/v1/notification/app?page=1&limit=30\u001b[39m \u001b[93m14 ms\u001b[39m","size":"784","timestamp":"2026-08-17 16:45:09"}
{"level":"info","message":" Incoming Request \u001b[32mGET\u001b[39m \u001b[32m200\u001b[39m \u001b[35m/api/v1/notification/app?page=1&limit=30\u001b[39m \u001b[93m14 ms\u001b[39m","size":"784","timestamp":"2026-08-17 16:45:10"}
{"level":"info","message":" Incoming Request \u001b[32mGET\u001b[39m \u001b[32m200\u001b[39m \u001b[35m/api/v1/notification/app?page=1&limit=30\u001b[39m \u001b[93m16 ms\u001b[39m","size":"784","timestamp":"2026-08-17 16:45:10"}
{"level":"info","message":" Incoming Request \u001b[32mGET\u001b[39m \u001b[32m200\u001b[39m \u001b[35m/api/v1/post/app?page=1&limit=20\u001b[39m \u001b[93m16 ms\u001b[39m","size":"5273","timestamp":"2026-08-17 16:45:10"}
{"level":"info","message":" Incoming Request \u001b[32mGET\u001b[39m \u001b[32m200\u001b[39m \u001b[35m/api/v1/signal/app/history?page=1&limit=20\u001b[39m \u001b[93m13 ms\u001b[39m","size":"5373","timestamp":"2026-08-17 16:45:11"}
{"level":"info","message":" Incoming Request \u001b[32mGET\u001b[39m \u001b[32m200\u001b[39m \u001b[35m/api/v1/post/app?page=1&limit=20\u001b[39m \u001b[93m16 ms\u001b[39m","size":"5273","timestamp":"2026-08-17 16:45:13"}
{"level":"info","message":" Incoming Request \u001b[32mGET\u001b[39m \u001b[32m200\u001b[39m \u001b[35m/api/v1/signal/app/history?page=1&limit=20\u001b[39m \u001b[93m15 ms\u001b[39m","size":"5373","timestamp":"2026-08-17 16:45:13"}
{"level":"info","message":" Incoming Request \u001b[32mGET\u001b[39m \u001b[32m200\u001b[39m \u001b[35m/api/v1/signal/app/6a7c3a6709a520dd16d792fe\u001b[39m \u001b[93m68 ms\u001b[39m","size":"2534","timestamp":"2026-08-17 16:45:18"}
{"level":"info","message":" Incoming Request \u001b[34mPOST\u001b[39m \u001b[32m200\u001b[39m \u001b[35m/stripe/webhook\u001b[39m \u001b[93m1 ms\u001b[39m","size":"17","timestamp":"2026-08-17 16:45:18"}
{"level":"info","message":" Incoming Request \u001b[32mGET\u001b[39m \u001b[32m200\u001b[39m \u001b[35m/api/v1/signal/app/6a7c3a6709a520dd16d792fe/chart?timeframe=1W\u001b[39m \u001b[93m20 ms\u001b[39m","size":"766","timestamp":"2026-08-17 16:45:18"}
{"level":"info","message":" Incoming Request \u001b[32mGET\u001b[39m \u001b[32m200\u001b[39m \u001b[35m/api/v1/notification/app?page=1&limit=30\u001b[39m \u001b[93m20 ms\u001b[39m","size":"784","timestamp":"2026-08-17 16:45:24"}
{"level":"info","message":" Incoming Request \u001b[32mGET\u001b[39m \u001b[32m200\u001b[39m \u001b[35m/api/v1/notification/app?page=1&limit=30\u001b[39m \u001b[93m21 ms\u001b[39m","size":"784","timestamp":"2026-08-17 16:45:24"}
{"level":"info","message":" Incoming Request \u001b[32mGET\u001b[39m \u001b[32m200\u001b[39m \u001b[35m/api/v1/notification/app?page=1&limit=30\u001b[39m \u001b[93m16 ms\u001b[39m","size":"784","timestamp":"2026-08-17 16:45:24"}
{"level":"info","message":" Incoming Request \u001b[32mGET\u001b[39m \u001b[32m200\u001b[39m \u001b[35m/api/v1/notification/app?page=1&limit=30\u001b[39m \u001b[93m16 ms\u001b[39m","size":"784","timestamp":"2026-08-17 16:45:25"}
{"level":"info","message":" Incoming Request \u001b[32mGET\u001b[39m \u001b[32m200\u001b[39m \u001b[35m/api/v1/notification/app?page=1&limit=30\u001b[39m \u001b[93m21 ms\u001b[39m","size":"784","timestamp":"2026-08-17 16:45:35"}
{"level":"info","message":" Incoming Request \u001b[32mGET\u001b[39m \u001b[32m200\u001b[39m \u001b[35m/api/v1/post/app?page=1&limit=20\u001b[39m \u001b[93m12 ms\u001b[39m","size":"5273","timestamp":"2026-08-17 16:45:35"}
{"level":"info","message":" Incoming Request \u001b[32mGET\u001b[39m \u001b[32m200\u001b[39m \u001b[35m/api/v1/signal/app/history?page=1&limit=20\u001b[39m \u001b[93m15 ms\u001b[39m","size":"5373","timestamp":"2026-08-17 16:45:36"}
{"level":"info","message":" Incoming Request \u001b[32mGET\u001b[39m \u001b[34m304\u001b[39m \u001b[35m/api/v1/user/my-profile\u001b[39m \u001b[93m60 ms\u001b[39m","size":0,"timestamp":"2026-08-17 16:46:46"}
{"level":"info","message":" Incoming Request \u001b[32mGET\u001b[39m \u001b[34m304\u001b[39m \u001b[35m/api/v1/signal/types\u001b[39m \u001b[93m132 ms\u001b[39m","size":0,"timestamp":"2026-08-17 16:46:46"}
{"level":"info","message":" Incoming Request \u001b[32mGET\u001b[39m \u001b[34m304\u001b[39m \u001b[35m/api/v1/signal\u001b[39m \u001b[93m126 ms\u001b[39m","size":0,"timestamp":"2026-08-17 16:46:46"}
{"level":"info","message":" Incoming Request \u001b[32mGET\u001b[39m \u001b[32m200\u001b[39m \u001b[35m/api/v1/user/my-profile\u001b[39m \u001b[93m52 ms\u001b[39m","size":"627","timestamp":"2026-08-17 16:47:24"}
{"level":"info","message":" Incoming Request \u001b[32mGET\u001b[39m \u001b[32m200\u001b[39m \u001b[35m/api/v1/user/my-profile\u001b[39m \u001b[93m51 ms\u001b[39m","size":"627","timestamp":"2026-08-17 16:47:24"}
{"level":"info","message":" Incoming Request \u001b[32mGET\u001b[39m \u001b[32m200\u001b[39m \u001b[35m/api/v1/subscription\u001b[39m \u001b[93m25 ms\u001b[39m","size":"2608","timestamp":"2026-08-17 16:47:25"}
{"level":"info","message":" Incoming Request \u001b[32mGET\u001b[39m \u001b[32m200\u001b[39m \u001b[35m/api/v1/subscription/user/trial-status\u001b[39m \u001b[93m60 ms\u001b[39m","size":"193","timestamp":"2026-08-17 16:47:25"}
{"level":"info","message":" Incoming Request \u001b[32mGET\u001b[39m \u001b[32m200\u001b[39m \u001b[35m/api/v1/subscription/user/trial-status\u001b[39m \u001b[93m11 ms\u001b[39m","size":"193","timestamp":"2026-08-17 16:47:32"}
{"level":"info","message":" Incoming Request \u001b[32mGET\u001b[39m \u001b[32m200\u001b[39m \u001b[35m/api/v1/user/all-user?page=1&limit=10\u001b[39m \u001b[93m54 ms\u001b[39m","size":"3651","timestamp":"2026-08-17 16:47:46"}
{"level":"info","message":" Incoming Request \u001b[34mPOST\u001b[39m \u001b[32m200\u001b[39m \u001b[35m/api/v1/user/login\u001b[39m \u001b[93m241 ms\u001b[39m","size":"785","timestamp":"2026-08-17 16:48:12"}
{"level":"info","message":" Incoming Request \u001b[32mGET\u001b[39m \u001b[32m200\u001b[39m \u001b[35m/api/v1/subscription\u001b[39m \u001b[93m5 ms\u001b[39m","size":"2608","timestamp":"2026-08-17 16:48:12"}
{"level":"info","message":" Incoming Request \u001b[32mGET\u001b[39m \u001b[32m200\u001b[39m \u001b[35m/api/v1/subscription/user/trial-status\u001b[39m \u001b[93m31 ms\u001b[39m","size":"141","timestamp":"2026-08-17 16:48:13"}
{"level":"info","message":" Incoming Request \u001b[32mGET\u001b[39m \u001b[32m200\u001b[39m \u001b[35m/api/v1/subscription/user/trial-status\u001b[39m \u001b[93m11 ms\u001b[39m","size":"141","timestamp":"2026-08-17 16:48:22"}
{"level":"info","message":" Incoming Request \u001b[32mGET\u001b[39m \u001b[32m200\u001b[39m \u001b[35m/api/v1/subscription/trial-config\u001b[39m \u001b[93m315 ms\u001b[39m","size":"438","timestamp":"2026-08-17 16:50:41"}
{"level":"info","message":" Incoming Request \u001b[32mGET\u001b[39m \u001b[32m200\u001b[39m \u001b[35m/api/v1/subscription/trial-config\u001b[39m \u001b[93m14 ms\u001b[39m","size":"438","timestamp":"2026-08-17 16:51:11"}
{"level":"info","message":" Incoming Request \u001b[32mGET\u001b[39m \u001b[34m304\u001b[39m \u001b[35m/api/v1/subscription?includeDisabled=true\u001b[39m \u001b[93m45 ms\u001b[39m","size":0,"timestamp":"2026-08-17 16:52:33"}
{"level":"info","message":" Incoming Request \u001b[32mGET\u001b[39m \u001b[32m200\u001b[39m \u001b[35m/api/v1/subscription/trial-config\u001b[39m \u001b[93m55 ms\u001b[39m","size":"438","timestamp":"2026-08-17 16:52:33"}
{"level":"info","message":" Incoming Request \u001b[34mPOST\u001b[39m \u001b[32m200\u001b[39m \u001b[35m/api/v1/subscription/trial-config\u001b[39m \u001b[93m63 ms\u001b[39m","size":"356","timestamp":"2026-08-17 16:52:35"}
{"level":"info","message":" Incoming Request \u001b[32mGET\u001b[39m \u001b[34m304\u001b[39m \u001b[35m/api/v1/subscription?includeDisabled=true\u001b[39m \u001b[93m8 ms\u001b[39m","size":0,"timestamp":"2026-08-17 16:52:35"}
{"level":"info","message":" Incoming Request \u001b[32mGET\u001b[39m \u001b[32m200\u001b[39m \u001b[35m/api/v1/subscription/trial-config\u001b[39m \u001b[93m19 ms\u001b[39m","size":"438","timestamp":"2026-08-17 16:52:35"}
{"level":"info","message":" Incoming Request \u001b[32mGET\u001b[39m \u001b[32m200\u001b[39m \u001b[35m/api/v1/subscription/trial-config\u001b[39m \u001b[93m14 ms\u001b[39m","size":"438","timestamp":"2026-08-17 16:52:39"}
{"level":"info","message":" Incoming Request \u001b[32mGET\u001b[39m \u001b[32m200\u001b[39m \u001b[35m/api/v1/subscription/trial-config\u001b[39m \u001b[93m47 ms\u001b[39m","size":"438","timestamp":"2026-08-17 16:54:29"}
{"level":"info","message":" Incoming Request \u001b[34mPOST\u001b[39m \u001b[32m200\u001b[39m \u001b[35m/api/v1/subscription/trial-config\u001b[39m \u001b[93m151 ms\u001b[39m","size":"356","timestamp":"2026-08-17 17:00:30"}
{"level":"info","message":" Incoming Request \u001b[32mGET\u001b[39m \u001b[34m304\u001b[39m \u001b[35m/api/v1/subscription?includeDisabled=true\u001b[39m \u001b[93m51 ms\u001b[39m","size":0,"timestamp":"2026-08-17 17:00:30"}
{"level":"info","message":" Incoming Request \u001b[32mGET\u001b[39m \u001b[32m200\u001b[39m \u001b[35m/api/v1/subscription/trial-config\u001b[39m \u001b[93m89 ms\u001b[39m","size":"438","timestamp":"2026-08-17 17:00:30"}
{"level":"info","message":" Incoming Request \u001b[34mPOST\u001b[39m \u001b[32m200\u001b[39m \u001b[35m/api/v1/subscription/trial-config\u001b[39m \u001b[93m19 ms\u001b[39m","size":"355","timestamp":"2026-08-17 17:00:32"}
{"level":"info","message":" Incoming Request \u001b[32mGET\u001b[39m \u001b[34m304\u001b[39m \u001b[35m/api/v1/subscription?includeDisabled=true\u001b[39m \u001b[93m52 ms\u001b[39m","size":0,"timestamp":"2026-08-17 17:00:32"}
{"level":"info","message":" Incoming Request \u001b[32mGET\u001b[39m \u001b[32m200\u001b[39m \u001b[35m/api/v1/subscription/trial-config\u001b[39m \u001b[93m61 ms\u001b[39m","size":"437","timestamp":"2026-08-17 17:00:32"}
{"level":"info","message":" Incoming Request \u001b[34mPOST\u001b[39m \u001b[32m200\u001b[39m \u001b[35m/api/v1/subscription/trial-config\u001b[39m \u001b[93m32 ms\u001b[39m","size":"356","timestamp":"2026-08-17 17:00:33"}
{"level":"info","message":" Incoming Request \u001b[32mGET\u001b[39m \u001b[34m304\u001b[39m \u001b[35m/api/v1/subscription?includeDisabled=true\u001b[39m \u001b[93m39 ms\u001b[39m","size":0,"timestamp":"2026-08-17 17:00:33"}
{"level":"info","message":" Incoming Request \u001b[32mGET\u001b[39m \u001b[32m200\u001b[39m \u001b[35m/api/v1/subscription/trial-config\u001b[39m \u001b[93m44 ms\u001b[39m","size":"438","timestamp":"2026-08-17 17:00:33"}
{"level":"info","message":" Incoming Request \u001b[34mPOST\u001b[39m \u001b[32m200\u001b[39m \u001b[35m/api/v1/subscription/trial-config\u001b[39m \u001b[93m9 ms\u001b[39m","size":"356","timestamp":"2026-08-17 17:00:34"}
{"level":"info","message":" Incoming Request \u001b[32mGET\u001b[39m \u001b[34m304\u001b[39m \u001b[35m/api/v1/subscription?includeDisabled=true\u001b[39m \u001b[93m18 ms\u001b[39m","size":0,"timestamp":"2026-08-17 17:00:34"}
{"level":"info","message":" Incoming Request \u001b[32mGET\u001b[39m \u001b[32m200\u001b[39m \u001b[35m/api/v1/subscription/trial-config\u001b[39m \u001b[93m25 ms\u001b[39m","size":"438","timestamp":"2026-08-17 17:00:34"}
{"level":"info","message":" Incoming Request \u001b[34mPOST\u001b[39m \u001b[32m201\u001b[39m \u001b[35m/api/v1/subscription/purchase/initiate\u001b[39m \u001b[93m293 ms\u001b[39m","size":"1645","timestamp":"2026-08-17 17:02:42"}
{"level":"info","message":" Incoming Request \u001b[32mGET\u001b[39m \u001b[32m200\u001b[39m \u001b[35m/api/v1/subscription/user/trial-status\u001b[39m \u001b[93m15 ms\u001b[39m","size":"256","timestamp":"2026-08-17 17:02:42"}
{"level":"info","message":" Incoming Request \u001b[32mGET\u001b[39m \u001b[32m200\u001b[39m \u001b[35m/api/v1/signal/app/market-hours\u001b[39m \u001b[93m48 ms\u001b[39m","size":"683","timestamp":"2026-08-17 17:02:43"}
{"level":"info","message":" Incoming Request \u001b[32mGET\u001b[39m \u001b[32m200\u001b[39m \u001b[35m/api/v1/user/my-profile\u001b[39m \u001b[93m11 ms\u001b[39m","size":"626","timestamp":"2026-08-17 17:02:43"}
{"level":"info","message":" Incoming Request \u001b[32mGET\u001b[39m \u001b[32m200\u001b[39m \u001b[35m/api/v1/signal/app?page=1&limit=20&category=all\u001b[39m \u001b[93m43 ms\u001b[39m","size":"4276","timestamp":"2026-08-17 17:02:43"}
{"level":"info","message":" Incoming Request \u001b[32mGET\u001b[39m \u001b[32m200\u001b[39m \u001b[35m/api/v1/notification/app?page=1&limit=30\u001b[39m \u001b[93m46 ms\u001b[39m","size":"1094","timestamp":"2026-08-17 17:02:43"}
{"level":"info","message":" Incoming Request \u001b[32mGET\u001b[39m \u001b[32m200\u001b[39m \u001b[35m/api/v1/signal/app/history?page=1&limit=20\u001b[39m \u001b[93m22 ms\u001b[39m","size":"5374","timestamp":"2026-08-17 17:02:43"}
{"level":"info","message":" Incoming Request \u001b[32mGET\u001b[39m \u001b[32m200\u001b[39m \u001b[35m/api/v1/post/app?page=1&limit=20\u001b[39m \u001b[93m46 ms\u001b[39m","size":"5274","timestamp":"2026-08-17 17:02:43"}
{"level":"info","message":" Incoming Request \u001b[32mGET\u001b[39m \u001b[32m200\u001b[39m \u001b[35m/api/v1/signal/app/market-hours\u001b[39m \u001b[93m6 ms\u001b[39m","size":"683","timestamp":"2026-08-17 17:02:56"}
{"level":"info","message":" Incoming Request \u001b[32mGET\u001b[39m \u001b[32m200\u001b[39m \u001b[35m/api/v1/user/my-profile\u001b[39m \u001b[93m15 ms\u001b[39m","size":"626","timestamp":"2026-08-17 17:02:56"}
{"level":"info","message":" Incoming Request \u001b[32mGET\u001b[39m \u001b[32m200\u001b[39m \u001b[35m/api/v1/signal/app?page=1&limit=20&category=all\u001b[39m \u001b[93m33 ms\u001b[39m","size":"4276","timestamp":"2026-08-17 17:02:56"}
{"level":"info","message":" Incoming Request \u001b[32mGET\u001b[39m \u001b[32m200\u001b[39m \u001b[35m/api/v1/signal/app/history?page=1&limit=20\u001b[39m \u001b[93m40 ms\u001b[39m","size":"5374","timestamp":"2026-08-17 17:02:56"}
{"level":"info","message":" Incoming Request \u001b[32mGET\u001b[39m \u001b[32m200\u001b[39m \u001b[35m/api/v1/notification/app?page=1&limit=30\u001b[39m \u001b[93m51 ms\u001b[39m","size":"1094","timestamp":"2026-08-17 17:02:56"}
{"level":"info","message":" Incoming Request \u001b[32mGET\u001b[39m \u001b[32m200\u001b[39m \u001b[35m/api/v1/post/app?page=1&limit=20\u001b[39m \u001b[93m35 ms\u001b[39m","size":"5274","timestamp":"2026-08-17 17:02:56"}
{"level":"info","message":" Incoming Request \u001b[32mGET\u001b[39m \u001b[32m200\u001b[39m \u001b[35m/api/v1/user/my-profile\u001b[39m \u001b[93m13 ms\u001b[39m","size":"626","timestamp":"2026-08-17 17:02:57"}
{"level":"info","message":" Incoming Request \u001b[32mGET\u001b[39m \u001b[32m200\u001b[39m \u001b[35m/api/v1/subscription\u001b[39m \u001b[93m15 ms\u001b[39m","size":"2608","timestamp":"2026-08-17 17:02:59"}
{"level":"info","message":" Incoming Request \u001b[32mGET\u001b[39m \u001b[32m200\u001b[39m \u001b[35m/api/v1/subscription/trial-config\u001b[39m \u001b[93m23 ms\u001b[39m","size":"434","timestamp":"2026-08-17 17:02:59"}
{"level":"info","message":" Incoming Request \u001b[32mGET\u001b[39m \u001b[32m200\u001b[39m \u001b[35m/api/v1/subscription/user/trial-status\u001b[39m \u001b[93m34 ms\u001b[39m","size":"256","timestamp":"2026-08-17 17:02:59"}
{"level":"info","message":" Incoming Request \u001b[32mGET\u001b[39m \u001b[32m200\u001b[39m \u001b[35m/api/v1/subscription/user/trial-status\u001b[39m \u001b[93m11 ms\u001b[39m","size":"256","timestamp":"2026-08-17 17:03:04"}
{"level":"info","message":" Incoming Request \u001b[32mGET\u001b[39m \u001b[32m200\u001b[39m \u001b[35m/api/v1/subscription/trial-config\u001b[39m \u001b[93m5 ms\u001b[39m","size":"434","timestamp":"2026-08-17 17:03:04"}
{"level":"info","message":" Incoming Request \u001b[34mPOST\u001b[39m \u001b[32m200\u001b[39m \u001b[35m/api/v1/user/login\u001b[39m \u001b[93m261 ms\u001b[39m","size":"786","timestamp":"2026-08-17 17:03:45"}
{"level":"info","message":" Incoming Request \u001b[32mGET\u001b[39m \u001b[32m200\u001b[39m \u001b[35m/api/v1/subscription\u001b[39m \u001b[93m50 ms\u001b[39m","size":"2608","timestamp":"2026-08-17 17:03:46"}
{"level":"info","message":" Incoming Request \u001b[32mGET\u001b[39m \u001b[32m200\u001b[39m \u001b[35m/api/v1/subscription/trial-config\u001b[39m \u001b[93m228 ms\u001b[39m","size":"434","timestamp":"2026-08-17 17:03:47"}
{"level":"info","message":" Incoming Request \u001b[32mGET\u001b[39m \u001b[32m200\u001b[39m \u001b[35m/api/v1/subscription/user/trial-status\u001b[39m \u001b[93m286 ms\u001b[39m","size":"141","timestamp":"2026-08-17 17:03:47"}
{"level":"info","message":" Incoming Request \u001b[32mGET\u001b[39m \u001b[32m200\u001b[39m \u001b[35m/api/v1/subscription/user/trial-status\u001b[39m \u001b[93m15 ms\u001b[39m","size":"141","timestamp":"2026-08-17 17:03:56"}
{"level":"info","message":" Incoming Request \u001b[32mGET\u001b[39m \u001b[32m200\u001b[39m \u001b[35m/api/v1/subscription/trial-config\u001b[39m \u001b[93m6 ms\u001b[39m","size":"434","timestamp":"2026-08-17 17:03:56"}
{"level":"info","message":" Incoming Request \u001b[32mGET\u001b[39m \u001b[32m200\u001b[39m \u001b[35m/api/v1/signal/app/market-hours\u001b[39m \u001b[93m55 ms\u001b[39m","size":"683","timestamp":"2026-08-17 17:06:07"}
{"level":"info","message":" Incoming Request \u001b[32mGET\u001b[39m \u001b[32m200\u001b[39m \u001b[35m/api/v1/user/my-profile\u001b[39m \u001b[93m16 ms\u001b[39m","size":"561","timestamp":"2026-08-17 17:06:07"}
{"level":"info","message":" Incoming Request \u001b[32mGET\u001b[39m \u001b[31m403\u001b[39m \u001b[35m/api/v1/post/app?page=1&limit=20\u001b[39m \u001b[93m32 ms\u001b[39m","size":"214","timestamp":"2026-08-17 17:06:07"}
{"level":"info","message":" Incoming Request \u001b[32mGET\u001b[39m \u001b[32m200\u001b[39m \u001b[35m/api/v1/signal/app/history?page=1&limit=20\u001b[39m \u001b[93m18 ms\u001b[39m","size":"519","timestamp":"2026-08-17 17:06:07"}
{"level":"info","message":" Incoming Request \u001b[32mGET\u001b[39m \u001b[32m200\u001b[39m \u001b[35m/api/v1/signal/app?page=1&limit=20&category=all\u001b[39m \u001b[93m39 ms\u001b[39m","size":"446","timestamp":"2026-08-17 17:06:07"}
{"level":"info","message":" Incoming Request \u001b[32mGET\u001b[39m \u001b[32m200\u001b[39m \u001b[35m/api/v1/notification/app?page=1&limit=30\u001b[39m \u001b[93m35 ms\u001b[39m","size":"784","timestamp":"2026-08-17 17:06:07"}
{"level":"info","message":" Incoming Request \u001b[32mGET\u001b[39m \u001b[32m200\u001b[39m \u001b[35m/api/v1/signal/app/history?page=1&limit=20\u001b[39m \u001b[93m4 ms\u001b[39m","size":"519","timestamp":"2026-08-17 17:06:08"}
{"level":"info","message":" Incoming Request \u001b[32mGET\u001b[39m \u001b[32m200\u001b[39m \u001b[35m/api/v1/signal/app?page=1&limit=20&category=all\u001b[39m \u001b[93m18 ms\u001b[39m","size":"446","timestamp":"2026-08-17 17:06:11"}
{"level":"info","message":" Incoming Request \u001b[32mGET\u001b[39m \u001b[32m200\u001b[39m \u001b[35m/api/v1/signal/app/market-hours\u001b[39m \u001b[93m6 ms\u001b[39m","size":"683","timestamp":"2026-08-17 17:06:12"}
{"level":"info","message":" Incoming Request \u001b[32mGET\u001b[39m \u001b[32m200\u001b[39m \u001b[35m/api/v1/signal/app/history?page=1&limit=20\u001b[39m \u001b[93m4 ms\u001b[39m","size":"519","timestamp":"2026-08-17 17:06:13"}
{"level":"info","message":" Incoming Request \u001b[32mGET\u001b[39m \u001b[32m200\u001b[39m \u001b[35m/api/v1/subscription\u001b[39m \u001b[93m6 ms\u001b[39m","size":"2608","timestamp":"2026-08-17 17:06:16"}
{"level":"info","message":" Incoming Request \u001b[32mGET\u001b[39m \u001b[32m200\u001b[39m \u001b[35m/api/v1/subscription/trial-config\u001b[39m \u001b[93m10 ms\u001b[39m","size":"434","timestamp":"2026-08-17 17:06:17"}
{"level":"info","message":" Incoming Request \u001b[32mGET\u001b[39m \u001b[32m200\u001b[39m \u001b[35m/api/v1/subscription/user/trial-status\u001b[39m \u001b[93m21 ms\u001b[39m","size":"141","timestamp":"2026-08-17 17:06:17"}
{"level":"info","message":" Incoming Request \u001b[32mGET\u001b[39m \u001b[32m200\u001b[39m \u001b[35m/api/v1/subscription/user/trial-status\u001b[39m \u001b[93m16 ms\u001b[39m","size":"141","timestamp":"2026-08-17 17:06:29"}
{"level":"info","message":" Incoming Request \u001b[32mGET\u001b[39m \u001b[32m200\u001b[39m \u001b[35m/api/v1/subscription/trial-config\u001b[39m \u001b[93m7 ms\u001b[39m","size":"434","timestamp":"2026-08-17 17:06:29"}
{"level":"info","message":" Incoming Request \u001b[32mGET\u001b[39m \u001b[32m200\u001b[39m \u001b[35m/api/v1/signal/app/market-hours\u001b[39m \u001b[93m12 ms\u001b[39m","size":"683","timestamp":"2026-08-17 17:07:15"}
{"level":"info","message":" Incoming Request \u001b[32mGET\u001b[39m \u001b[32m200\u001b[39m \u001b[35m/api/v1/signal/app?page=1&limit=20&category=all\u001b[39m \u001b[93m32 ms\u001b[39m","size":"446","timestamp":"2026-08-17 17:07:15"}
{"level":"info","message":" Incoming Request \u001b[32mGET\u001b[39m \u001b[32m200\u001b[39m \u001b[35m/api/v1/signal/app/history?page=1&limit=20\u001b[39m \u001b[93m16 ms\u001b[39m","size":"519","timestamp":"2026-08-17 17:07:16"}
{"level":"info","message":" Incoming Request \u001b[32mGET\u001b[39m \u001b[32m200\u001b[39m \u001b[35m/api/v1/subscription\u001b[39m \u001b[93m2 ms\u001b[39m","size":"2608","timestamp":"2026-08-17 17:07:21"}
{"level":"info","message":" Incoming Request \u001b[32mGET\u001b[39m \u001b[32m200\u001b[39m \u001b[35m/api/v1/subscription/trial-config\u001b[39m \u001b[93m15 ms\u001b[39m","size":"438","timestamp":"2026-08-17 17:07:21"}
{"level":"info","message":" Incoming Request \u001b[32mGET\u001b[39m \u001b[32m200\u001b[39m \u001b[35m/api/v1/subscription/user/trial-status\u001b[39m \u001b[93m18 ms\u001b[39m","size":"141","timestamp":"2026-08-17 17:07:21"}
{"level":"info","message":" Incoming Request \u001b[32mGET\u001b[39m \u001b[32m200\u001b[39m \u001b[35m/api/v1/subscription/user/trial-status\u001b[39m \u001b[93m37 ms\u001b[39m","size":"141","timestamp":"2026-08-17 17:07:27"}
{"level":"info","message":" Incoming Request \u001b[32mGET\u001b[39m \u001b[32m200\u001b[39m \u001b[35m/api/v1/subscription/trial-config\u001b[39m \u001b[93m10 ms\u001b[39m","size":"438","timestamp":"2026-08-17 17:07:27"}
{"level":"info","message":" Incoming Request \u001b[32mGET\u001b[39m \u001b[34m304\u001b[39m \u001b[35m/api/v1/user/my-profile\u001b[39m \u001b[93m67 ms\u001b[39m","size":0,"timestamp":"2026-08-17 17:15:14"}
{"level":"info","message":" Incoming Request \u001b[32mGET\u001b[39m \u001b[34m304\u001b[39m \u001b[35m/api/v1/signal\u001b[39m \u001b[93m72 ms\u001b[39m","size":0,"timestamp":"2026-08-17 17:15:14"}
{"level":"info","message":" Incoming Request \u001b[32mGET\u001b[39m \u001b[34m304\u001b[39m \u001b[35m/api/v1/signal/types\u001b[39m \u001b[93m17 ms\u001b[39m","size":0,"timestamp":"2026-08-17 17:15:18"}
{"level":"info","message":" Incoming Request \u001b[32mGET\u001b[39m \u001b[34m304\u001b[39m \u001b[35m/api/v1/user/my-profile\u001b[39m \u001b[93m66 ms\u001b[39m","size":0,"timestamp":"2026-08-17 21:16:12"}
{"level":"info","message":" Incoming Request \u001b[32mGET\u001b[39m \u001b[32m200\u001b[39m \u001b[35m/api/v1/user/all-user?page=1&limit=10\u001b[39m \u001b[93m168 ms\u001b[39m","size":"3717","timestamp":"2026-08-17 21:16:12"}
{"level":"info","message":" Incoming Request \u001b[32mGET\u001b[39m \u001b[34m304\u001b[39m \u001b[35m/api/v1/signal/types\u001b[39m \u001b[93m27 ms\u001b[39m","size":0,"timestamp":"2026-08-17 21:16:20"}
{"level":"info","message":" Incoming Request \u001b[32mGET\u001b[39m \u001b[34m304\u001b[39m \u001b[35m/api/v1/signal\u001b[39m \u001b[93m57 ms\u001b[39m","size":0,"timestamp":"2026-08-17 21:16:20"}
{"level":"info","message":" Incoming Request \u001b[32mGET\u001b[39m \u001b[34m304\u001b[39m \u001b[35m/api/v1/signal\u001b[39m \u001b[93m24 ms\u001b[39m","size":0,"timestamp":"2026-08-17 21:16:32"}
{"level":"info","message":" Incoming Request \u001b[32mGET\u001b[39m \u001b[34m304\u001b[39m \u001b[35m/api/v1/signal/types\u001b[39m \u001b[93m26 ms\u001b[39m","size":0,"timestamp":"2026-08-17 21:16:32"}
{"level":"info","message":" Incoming Request \u001b[32mGET\u001b[39m \u001b[34m304\u001b[39m \u001b[35m/api/v1/user/my-profile\u001b[39m \u001b[93m37 ms\u001b[39m","size":0,"timestamp":"2026-08-17 21:16:32"}
{"level":"info","message":" Incoming Request \u001b[34mPOST\u001b[39m \u001b[32m201\u001b[39m \u001b[35m/api/v1/signal/create\u001b[39m \u001b[93m205 ms\u001b[39m","size":"429","timestamp":"2026-08-17 21:20:18"}
{"level":"info","message":" Incoming Request \u001b[32mGET\u001b[39m \u001b[32m200\u001b[39m \u001b[35m/api/v1/signal\u001b[39m \u001b[93m24 ms\u001b[39m","size":"5812","timestamp":"2026-08-17 21:20:19"}
{"level":"info","message":" Incoming Request \u001b[33mPATCH\u001b[39m \u001b[32m200\u001b[39m \u001b[35m/api/v1/signal/6a8326b262128d32125343ad\u001b[39m \u001b[93m82 ms\u001b[39m","size":"432","timestamp":"2026-08-17 21:23:05"}
{"level":"info","message":" Incoming Request \u001b[32mGET\u001b[39m \u001b[32m200\u001b[39m \u001b[35m/api/v1/signal\u001b[39m \u001b[93m21 ms\u001b[39m","size":"5815","timestamp":"2026-08-17 21:23:06"}
{"level":"info","message":" Incoming Request \u001b[32mGET\u001b[39m \u001b[32m200\u001b[39m \u001b[35m/api/v1/post\u001b[39m \u001b[93m37 ms\u001b[39m","size":"2742","timestamp":"2026-08-17 21:23:25"}
{"level":"info","message":" Incoming Request \u001b[32mGET\u001b[39m \u001b[32m200\u001b[39m \u001b[35m/api/v1/notification\u001b[39m \u001b[93m23 ms\u001b[39m","size":"1985","timestamp":"2026-08-17 21:23:34"}
{"level":"info","message":" Incoming Request \u001b[32mGET\u001b[39m \u001b[32m200\u001b[39m \u001b[35m/api/v1/notification/audience-stats\u001b[39m \u001b[93m28 ms\u001b[39m","size":"139","timestamp":"2026-08-17 21:23:34"}
{"level":"info","message":" Incoming Request \u001b[32mGET\u001b[39m \u001b[34m304\u001b[39m \u001b[35m/api/v1/subscription?includeDisabled=true\u001b[39m \u001b[93m35 ms\u001b[39m","size":0,"timestamp":"2026-08-17 21:23:38"}
{"level":"info","message":" Incoming Request \u001b[32mGET\u001b[39m \u001b[32m200\u001b[39m \u001b[35m/api/v1/subscription/trial-config\u001b[39m \u001b[93m42 ms\u001b[39m","size":"434","timestamp":"2026-08-17 21:23:38"}
{"level":"info","message":" Incoming Request \u001b[32mGET\u001b[39m \u001b[34m304\u001b[39m \u001b[35m/api/v1/user/all-user?page=1&limit=10\u001b[39m \u001b[93m9 ms\u001b[39m","size":0,"timestamp":"2026-08-17 21:23:43"}
{"level":"info","message":" Incoming Request \u001b[32mGET\u001b[39m \u001b[32m200\u001b[39m \u001b[35m/api/v1/user/all-user?page=1&limit=10&subscriptionType=Forex\u001b[39m \u001b[93m8 ms\u001b[39m","size":"690","timestamp":"2026-08-17 21:23:52"}
{"level":"info","message":" Incoming Request \u001b[32mGET\u001b[39m \u001b[32m200\u001b[39m \u001b[35m/api/v1/user/all-user?page=1&limit=10&subscriptionType=Crypto\u001b[39m \u001b[93m5 ms\u001b[39m","size":"173","timestamp":"2026-08-17 21:23:54"}
{"level":"info","message":" Incoming Request \u001b[32mGET\u001b[39m \u001b[32m200\u001b[39m \u001b[35m/api/v1/coupon\u001b[39m \u001b[93m24 ms\u001b[39m","size":"2047","timestamp":"2026-08-17 21:23:58"}
{"level":"info","message":" Incoming Request \u001b[32mGET\u001b[39m \u001b[34m304\u001b[39m \u001b[35m/api/v1/user/my-profile\u001b[39m \u001b[93m85 ms\u001b[39m","size":0,"timestamp":"2026-08-17 22:14:09"}
{"level":"info","message":" Incoming Request \u001b[32mGET\u001b[39m \u001b[34m304\u001b[39m \u001b[35m/api/v1/user/my-profile\u001b[39m \u001b[93m102 ms\u001b[39m","size":0,"timestamp":"2026-08-17 22:55:14"}
{"level":"info","message":" Incoming Request \u001b[32mGET\u001b[39m \u001b[34m304\u001b[39m \u001b[35m/api/v1/user/my-profile\u001b[39m \u001b[93m55 ms\u001b[39m","size":0,"timestamp":"2026-08-17 23:11:19"}
{"level":"info","message":" Incoming Request \u001b[32mGET\u001b[39m \u001b[34m304\u001b[39m \u001b[35m/api/v1/user/my-profile\u001b[39m \u001b[93m8 ms\u001b[39m","size":0,"timestamp":"2026-08-17 23:12:53"}
