{"level":"info","message":"Root endpoint hit","timestamp":"2026-08-08 08:33:39"}
{"level":"info","message":" Incoming Request \u001b[32mGET\u001b[39m \u001b[32m200\u001b[39m \u001b[35m/\u001b[39m \u001b[93m4 ms\u001b[39m","size":"109","timestamp":"2026-08-08 08:33:39"}
{"level":"info","message":" Incoming Request \u001b[34mPOST\u001b[39m \u001b[32m200\u001b[39m \u001b[35m/api/v1/user/login\u001b[39m \u001b[93m228 ms\u001b[39m","size":"634","timestamp":"2026-08-08 08:50:30"}
{"level":"info","message":" Incoming Request \u001b[32mGET\u001b[39m \u001b[31m401\u001b[39m \u001b[35m/api/v1/user/my-profile\u001b[39m \u001b[93m6 ms\u001b[39m","size":"148","timestamp":"2026-08-08 08:50:57"}
{"level":"info","message":" Incoming Request \u001b[32mGET\u001b[39m \u001b[31m401\u001b[39m \u001b[35m/api/v1/user/my-profile\u001b[39m \u001b[93m3 ms\u001b[39m","size":"148","timestamp":"2026-08-08 08:51:15"}
{"level":"info","message":" Incoming Request \u001b[32mGET\u001b[39m \u001b[32m200\u001b[39m \u001b[35m/api/v1/user/my-profile\u001b[39m \u001b[93m10 ms\u001b[39m","size":"417","timestamp":"2026-08-08 08:52:49"}
{"level":"info","message":" Incoming Request \u001b[32mGET\u001b[39m \u001b[32m200\u001b[39m \u001b[35m/api/v1/user/my-profile\u001b[39m \u001b[93m6 ms\u001b[39m","size":"417","timestamp":"2026-08-08 08:53:15"}
{"level":"info","message":" Incoming Request \u001b[32mGET\u001b[39m \u001b[32m200\u001b[39m \u001b[35m/api/v1/subscription\u001b[39m \u001b[93m5 ms\u001b[39m","size":"2316","timestamp":"2026-08-08 08:53:22"}
{"level":"info","message":" Incoming Request \u001b[32mGET\u001b[39m \u001b[34m304\u001b[39m \u001b[35m/api/v1/subscription\u001b[39m \u001b[93m6 ms\u001b[39m","size":0,"timestamp":"2026-08-08 08:54:02"}
{"level":"info","message":" Incoming Request \u001b[32mGET\u001b[39m \u001b[34m304\u001b[39m \u001b[35m/api/v1/subscription/trial-config\u001b[39m \u001b[93m14 ms\u001b[39m","size":0,"timestamp":"2026-08-08 08:54:02"}
{"level":"info","message":" Incoming Request \u001b[32mGET\u001b[39m \u001b[34m304\u001b[39m \u001b[35m/api/v1/user/my-profile\u001b[39m \u001b[93m15 ms\u001b[39m","size":0,"timestamp":"2026-08-08 08:54:02"}
{"level":"info","message":" Incoming Request \u001b[32mGET\u001b[39m \u001b[32m200\u001b[39m \u001b[35m/api/v1/user/all-user\u001b[39m \u001b[93m167 ms\u001b[39m","size":"503","timestamp":"2026-08-08 08:54:02"}
{"level":"info","message":" Incoming Request \u001b[33mPATCH\u001b[39m \u001b[32m200\u001b[39m \u001b[35m/api/v1/subscription/6a7568297cf6b6d7cbf527d4\u001b[39m \u001b[93m22 ms\u001b[39m","size":"794","timestamp":"2026-08-08 08:54:12"}
{"level":"info","message":" Incoming Request \u001b[32mGET\u001b[39m \u001b[32m200\u001b[39m \u001b[35m/api/v1/subscription\u001b[39m \u001b[93m6 ms\u001b[39m","size":"2317","timestamp":"2026-08-08 08:54:12"}
{"level":"info","message":" Incoming Request \u001b[32mGET\u001b[39m \u001b[34m304\u001b[39m \u001b[35m/api/v1/subscription/trial-config\u001b[39m \u001b[93m6 ms\u001b[39m","size":0,"timestamp":"2026-08-08 08:54:12"}
{"level":"info","message":" Incoming Request \u001b[33mPATCH\u001b[39m \u001b[32m200\u001b[39m \u001b[35m/api/v1/subscription/6a7568297cf6b6d7cbf527d4\u001b[39m \u001b[93m7 ms\u001b[39m","size":"793","timestamp":"2026-08-08 08:54:17"}
{"level":"info","message":" Incoming Request \u001b[32mGET\u001b[39m \u001b[32m200\u001b[39m \u001b[35m/api/v1/subscription\u001b[39m \u001b[93m10 ms\u001b[39m","size":"2316","timestamp":"2026-08-08 08:54:17"}
{"level":"info","message":" Incoming Request \u001b[32mGET\u001b[39m \u001b[34m304\u001b[39m \u001b[35m/api/v1/subscription/trial-config\u001b[39m \u001b[93m9 ms\u001b[39m","size":0,"timestamp":"2026-08-08 08:54:17"}
{"level":"info","message":" Incoming Request \u001b[33mPATCH\u001b[39m \u001b[32m200\u001b[39m \u001b[35m/api/v1/subscription/6a7568297cf6b6d7cbf527d5\u001b[39m \u001b[93m8 ms\u001b[39m","size":"789","timestamp":"2026-08-08 08:54:21"}
{"level":"info","message":" Incoming Request \u001b[32mGET\u001b[39m \u001b[34m304\u001b[39m \u001b[35m/api/v1/subscription/trial-config\u001b[39m \u001b[93m5 ms\u001b[39m","size":0,"timestamp":"2026-08-08 08:54:21"}
{"level":"info","message":" Incoming Request \u001b[32mGET\u001b[39m \u001b[32m200\u001b[39m \u001b[35m/api/v1/subscription\u001b[39m \u001b[93m10 ms\u001b[39m","size":"2317","timestamp":"2026-08-08 08:54:21"}
{"level":"info","message":" Incoming Request \u001b[33mPATCH\u001b[39m \u001b[32m200\u001b[39m \u001b[35m/api/v1/subscription/6a7568297cf6b6d7cbf527d3\u001b[39m \u001b[93m5 ms\u001b[39m","size":"918","timestamp":"2026-08-08 08:54:26"}
{"level":"info","message":" Incoming Request \u001b[32mGET\u001b[39m \u001b[32m200\u001b[39m \u001b[35m/api/v1/subscription\u001b[39m \u001b[93m9 ms\u001b[39m","size":"2318","timestamp":"2026-08-08 08:54:26"}
{"level":"info","message":" Incoming Request \u001b[32mGET\u001b[39m \u001b[34m304\u001b[39m \u001b[35m/api/v1/subscription/trial-config\u001b[39m \u001b[93m13 ms\u001b[39m","size":0,"timestamp":"2026-08-08 08:54:26"}
{"level":"info","message":" Incoming Request \u001b[33mPATCH\u001b[39m \u001b[32m200\u001b[39m \u001b[35m/api/v1/subscription/6a7568297cf6b6d7cbf527d4\u001b[39m \u001b[93m4 ms\u001b[39m","size":"794","timestamp":"2026-08-08 08:54:30"}
{"level":"info","message":" Incoming Request \u001b[32mGET\u001b[39m \u001b[34m304\u001b[39m \u001b[35m/api/v1/subscription/trial-config\u001b[39m \u001b[93m3 ms\u001b[39m","size":0,"timestamp":"2026-08-08 08:54:30"}
{"level":"info","message":" Incoming Request \u001b[32mGET\u001b[39m \u001b[32m200\u001b[39m \u001b[35m/api/v1/subscription\u001b[39m \u001b[93m9 ms\u001b[39m","size":"2319","timestamp":"2026-08-08 08:54:30"}
{"level":"info","message":" Incoming Request \u001b[32mGET\u001b[39m \u001b[32m200\u001b[39m \u001b[35m/api/v1/subscription\u001b[39m \u001b[93m3 ms\u001b[39m","size":"2319","timestamp":"2026-08-08 08:54:32"}
{"level":"info","message":" Incoming Request \u001b[33mPATCH\u001b[39m \u001b[32m200\u001b[39m \u001b[35m/api/v1/subscription/6a7568297cf6b6d7cbf527d4\u001b[39m \u001b[93m4 ms\u001b[39m","size":"793","timestamp":"2026-08-08 08:54:39"}
{"level":"info","message":" Incoming Request \u001b[32mGET\u001b[39m \u001b[34m304\u001b[39m \u001b[35m/api/v1/subscription/trial-config\u001b[39m \u001b[93m11 ms\u001b[39m","size":0,"timestamp":"2026-08-08 08:54:39"}
{"level":"info","message":" Incoming Request \u001b[32mGET\u001b[39m \u001b[32m200\u001b[39m \u001b[35m/api/v1/subscription\u001b[39m \u001b[93m6 ms\u001b[39m","size":"2318","timestamp":"2026-08-08 08:54:39"}
{"level":"info","message":" Incoming Request \u001b[33mPATCH\u001b[39m \u001b[32m200\u001b[39m \u001b[35m/api/v1/subscription/6a7568297cf6b6d7cbf527d5\u001b[39m \u001b[93m6 ms\u001b[39m","size":"788","timestamp":"2026-08-08 08:54:43"}
{"level":"info","message":" Incoming Request \u001b[32mGET\u001b[39m \u001b[34m304\u001b[39m \u001b[35m/api/v1/subscription/trial-config\u001b[39m \u001b[93m3 ms\u001b[39m","size":0,"timestamp":"2026-08-08 08:54:43"}
{"level":"info","message":" Incoming Request \u001b[32mGET\u001b[39m \u001b[32m200\u001b[39m \u001b[35m/api/v1/subscription\u001b[39m \u001b[93m9 ms\u001b[39m","size":"2317","timestamp":"2026-08-08 08:54:43"}
{"level":"info","message":" Incoming Request \u001b[33mPATCH\u001b[39m \u001b[32m200\u001b[39m \u001b[35m/api/v1/subscription/6a7568297cf6b6d7cbf527d3\u001b[39m \u001b[93m3 ms\u001b[39m","size":"917","timestamp":"2026-08-08 08:54:47"}
{"level":"info","message":" Incoming Request \u001b[32mGET\u001b[39m \u001b[34m304\u001b[39m \u001b[35m/api/v1/subscription/trial-config\u001b[39m \u001b[93m4 ms\u001b[39m","size":0,"timestamp":"2026-08-08 08:54:47"}
{"level":"info","message":" Incoming Request \u001b[32mGET\u001b[39m \u001b[32m200\u001b[39m \u001b[35m/api/v1/subscription\u001b[39m \u001b[93m5 ms\u001b[39m","size":"2316","timestamp":"2026-08-08 08:54:47"}
{"level":"info","message":" Incoming Request \u001b[32mGET\u001b[39m \u001b[34m304\u001b[39m \u001b[35m/api/v1/subscription\u001b[39m \u001b[93m9 ms\u001b[39m","size":0,"timestamp":"2026-08-08 08:56:19"}
{"level":"info","message":" Incoming Request \u001b[33mPATCH\u001b[39m \u001b[32m200\u001b[39m \u001b[35m/api/v1/subscription/6a7568297cf6b6d7cbf527d5\u001b[39m \u001b[93m13 ms\u001b[39m","size":"789","timestamp":"2026-08-08 08:56:42"}
{"level":"info","message":" Incoming Request \u001b[32mGET\u001b[39m \u001b[34m304\u001b[39m \u001b[35m/api/v1/subscription/trial-config\u001b[39m \u001b[93m7 ms\u001b[39m","size":0,"timestamp":"2026-08-08 08:56:42"}
{"level":"info","message":" Incoming Request \u001b[32mGET\u001b[39m \u001b[32m200\u001b[39m \u001b[35m/api/v1/subscription\u001b[39m \u001b[93m8 ms\u001b[39m","size":"1619","timestamp":"2026-08-08 08:56:42"}
{"level":"info","message":" Incoming Request \u001b[32mGET\u001b[39m \u001b[32m200\u001b[39m \u001b[35m/api/v1/subscription\u001b[39m \u001b[93m10 ms\u001b[39m","size":"1619","timestamp":"2026-08-08 08:56:50"}
{"level":"info","message":" Incoming Request \u001b[32mGET\u001b[39m \u001b[32m200\u001b[39m \u001b[35m/api/v1/subscription\u001b[39m \u001b[93m9 ms\u001b[39m","size":"1619","timestamp":"2026-08-08 08:58:31"}
{"level":"info","message":" Incoming Request \u001b[32mGET\u001b[39m \u001b[32m200\u001b[39m \u001b[35m/api/v1/subscription?includeDisabled=true\u001b[39m \u001b[93m10 ms\u001b[39m","size":"2317","timestamp":"2026-08-08 08:58:35"}
{"level":"info","message":" Incoming Request \u001b[32mGET\u001b[39m \u001b[34m304\u001b[39m \u001b[35m/api/v1/subscription/trial-config\u001b[39m \u001b[93m24 ms\u001b[39m","size":0,"timestamp":"2026-08-08 08:58:35"}
{"level":"info","message":" Incoming Request \u001b[32mGET\u001b[39m \u001b[34m304\u001b[39m \u001b[35m/api/v1/user/all-user\u001b[39m \u001b[93m37 ms\u001b[39m","size":0,"timestamp":"2026-08-08 08:58:35"}
{"level":"info","message":" Incoming Request \u001b[32mGET\u001b[39m \u001b[34m304\u001b[39m \u001b[35m/api/v1/user/my-profile\u001b[39m \u001b[93m28 ms\u001b[39m","size":0,"timestamp":"2026-08-08 08:58:35"}
{"level":"info","message":" Incoming Request \u001b[32mGET\u001b[39m \u001b[34m304\u001b[39m \u001b[35m/api/v1/subscription?includeDisabled=true\u001b[39m \u001b[93m35 ms\u001b[39m","size":0,"timestamp":"2026-08-08 08:58:49"}
{"level":"info","message":" Incoming Request \u001b[32mGET\u001b[39m \u001b[34m304\u001b[39m \u001b[35m/api/v1/subscription/trial-config\u001b[39m \u001b[93m28 ms\u001b[39m","size":0,"timestamp":"2026-08-08 08:58:49"}
{"level":"info","message":" Incoming Request \u001b[32mGET\u001b[39m \u001b[34m304\u001b[39m \u001b[35m/api/v1/user/my-profile\u001b[39m \u001b[93m33 ms\u001b[39m","size":0,"timestamp":"2026-08-08 08:58:49"}
{"level":"info","message":" Incoming Request \u001b[32mGET\u001b[39m \u001b[34m304\u001b[39m \u001b[35m/api/v1/user/all-user\u001b[39m \u001b[93m49 ms\u001b[39m","size":0,"timestamp":"2026-08-08 08:58:49"}
{"level":"info","message":" Incoming Request \u001b[33mPATCH\u001b[39m \u001b[32m200\u001b[39m \u001b[35m/api/v1/subscription/6a7568297cf6b6d7cbf527d5\u001b[39m \u001b[93m12 ms\u001b[39m","size":"788","timestamp":"2026-08-08 08:58:53"}
{"level":"info","message":" Incoming Request \u001b[32mGET\u001b[39m \u001b[32m200\u001b[39m \u001b[35m/api/v1/subscription?includeDisabled=true\u001b[39m \u001b[93m7 ms\u001b[39m","size":"2316","timestamp":"2026-08-08 08:58:53"}
{"level":"info","message":" Incoming Request \u001b[32mGET\u001b[39m \u001b[34m304\u001b[39m \u001b[35m/api/v1/subscription/trial-config\u001b[39m \u001b[93m7 ms\u001b[39m","size":0,"timestamp":"2026-08-08 08:58:53"}
{"level":"info","message":" Incoming Request \u001b[32mGET\u001b[39m \u001b[32m200\u001b[39m \u001b[35m/api/v1/subscription\u001b[39m \u001b[93m5 ms\u001b[39m","size":"2316","timestamp":"2026-08-08 08:58:55"}
{"level":"info","message":" Incoming Request \u001b[32mGET\u001b[39m \u001b[32m200\u001b[39m \u001b[35m/api/v1/subscription\u001b[39m \u001b[93m8 ms\u001b[39m","size":"2316","timestamp":"2026-08-08 09:00:15"}
{"level":"info","message":" Incoming Request \u001b[32mGET\u001b[39m \u001b[34m304\u001b[39m \u001b[35m/api/v1/user/all-user\u001b[39m \u001b[93m10 ms\u001b[39m","size":0,"timestamp":"2026-08-08 09:00:41"}
{"level":"info","message":" Incoming Request \u001b[32mGET\u001b[39m \u001b[34m304\u001b[39m \u001b[35m/api/v1/subscription\u001b[39m \u001b[93m5 ms\u001b[39m","size":0,"timestamp":"2026-08-08 09:01:14"}
{"level":"info","message":" Incoming Request \u001b[32mGET\u001b[39m \u001b[34m304\u001b[39m \u001b[35m/api/v1/user/my-profile\u001b[39m \u001b[93m11 ms\u001b[39m","size":0,"timestamp":"2026-08-08 09:01:14"}
{"level":"info","message":" Incoming Request \u001b[33mPATCH\u001b[39m \u001b[32m200\u001b[39m \u001b[35m/api/v1/subscription/6a7568297cf6b6d7cbf527d3\u001b[39m \u001b[93m8 ms\u001b[39m","size":"946","timestamp":"2026-08-08 09:01:21"}
{"level":"info","message":" Incoming Request \u001b[32mGET\u001b[39m \u001b[32m200\u001b[39m \u001b[35m/api/v1/subscription\u001b[39m \u001b[93m10 ms\u001b[39m","size":"2345","timestamp":"2026-08-08 09:01:21"}
{"level":"info","message":" Incoming Request \u001b[32mGET\u001b[39m \u001b[32m200\u001b[39m \u001b[35m/api/v1/subscription?includeDisabled=true\u001b[39m \u001b[93m5 ms\u001b[39m","size":"2345","timestamp":"2026-08-08 09:01:21"}
{"level":"info","message":" Incoming Request \u001b[32mGET\u001b[39m \u001b[34m304\u001b[39m \u001b[35m/api/v1/subscription/trial-config\u001b[39m \u001b[93m5 ms\u001b[39m","size":0,"timestamp":"2026-08-08 09:01:21"}
{"level":"info","message":" Incoming Request \u001b[32mGET\u001b[39m \u001b[34m304\u001b[39m \u001b[35m/api/v1/user/all-user\u001b[39m \u001b[93m15 ms\u001b[39m","size":0,"timestamp":"2026-08-08 09:01:21"}
{"level":"info","message":" Incoming Request \u001b[32mGET\u001b[39m \u001b[32m200\u001b[39m \u001b[35m/api/v1/subscription\u001b[39m \u001b[93m3 ms\u001b[39m","size":"2345","timestamp":"2026-08-08 09:01:38"}
{"level":"info","message":" Incoming Request \u001b[33mPATCH\u001b[39m \u001b[32m200\u001b[39m \u001b[35m/api/v1/subscription/6a7568297cf6b6d7cbf527d3\u001b[39m \u001b[93m6 ms\u001b[39m","size":"947","timestamp":"2026-08-08 09:02:13"}
{"level":"info","message":" Incoming Request \u001b[32mGET\u001b[39m \u001b[32m200\u001b[39m \u001b[35m/api/v1/subscription\u001b[39m \u001b[93m8 ms\u001b[39m","size":"2346","timestamp":"2026-08-08 09:02:13"}
{"level":"info","message":" Incoming Request \u001b[32mGET\u001b[39m \u001b[32m200\u001b[39m \u001b[35m/api/v1/subscription?includeDisabled=true\u001b[39m \u001b[93m12 ms\u001b[39m","size":"2346","timestamp":"2026-08-08 09:02:13"}
{"level":"info","message":" Incoming Request \u001b[32mGET\u001b[39m \u001b[34m304\u001b[39m \u001b[35m/api/v1/subscription/trial-config\u001b[39m \u001b[93m10 ms\u001b[39m","size":0,"timestamp":"2026-08-08 09:02:13"}
{"level":"info","message":" Incoming Request \u001b[33mPATCH\u001b[39m \u001b[32m200\u001b[39m \u001b[35m/api/v1/subscription/6a7568297cf6b6d7cbf527d4\u001b[39m \u001b[93m4 ms\u001b[39m","size":"823","timestamp":"2026-08-08 09:02:35"}
{"level":"info","message":" Incoming Request \u001b[32mGET\u001b[39m \u001b[32m200\u001b[39m \u001b[35m/api/v1/subscription\u001b[39m \u001b[93m11 ms\u001b[39m","size":"2376","timestamp":"2026-08-08 09:02:35"}
{"level":"info","message":" Incoming Request \u001b[32mGET\u001b[39m \u001b[32m200\u001b[39m \u001b[35m/api/v1/subscription?includeDisabled=true\u001b[39m \u001b[93m5 ms\u001b[39m","size":"2376","timestamp":"2026-08-08 09:02:35"}
{"level":"info","message":" Incoming Request \u001b[32mGET\u001b[39m \u001b[34m304\u001b[39m \u001b[35m/api/v1/subscription/trial-config\u001b[39m \u001b[93m5 ms\u001b[39m","size":0,"timestamp":"2026-08-08 09:02:35"}
{"level":"info","message":" Incoming Request \u001b[33mPATCH\u001b[39m \u001b[32m200\u001b[39m \u001b[35m/api/v1/subscription/6a7568297cf6b6d7cbf527d5\u001b[39m \u001b[93m4 ms\u001b[39m","size":"818","timestamp":"2026-08-08 09:02:56"}
{"level":"info","message":" Incoming Request \u001b[32mGET\u001b[39m \u001b[32m200\u001b[39m \u001b[35m/api/v1/subscription\u001b[39m \u001b[93m12 ms\u001b[39m","size":"2406","timestamp":"2026-08-08 09:02:56"}
{"level":"info","message":" Incoming Request \u001b[32mGET\u001b[39m \u001b[32m200\u001b[39m \u001b[35m/api/v1/subscription?includeDisabled=true\u001b[39m \u001b[93m6 ms\u001b[39m","size":"2406","timestamp":"2026-08-08 09:02:56"}
{"level":"info","message":" Incoming Request \u001b[32mGET\u001b[39m \u001b[34m304\u001b[39m \u001b[35m/api/v1/subscription/trial-config\u001b[39m \u001b[93m4 ms\u001b[39m","size":0,"timestamp":"2026-08-08 09:02:56"}
{"level":"info","message":" Incoming Request \u001b[32mGET\u001b[39m \u001b[32m200\u001b[39m \u001b[35m/api/v1/subscription\u001b[39m \u001b[93m3 ms\u001b[39m","size":"2406","timestamp":"2026-08-08 09:02:58"}
{"level":"info","message":" Incoming Request \u001b[33mPATCH\u001b[39m \u001b[32m200\u001b[39m \u001b[35m/api/v1/subscription/6a7568297cf6b6d7cbf527d4\u001b[39m \u001b[93m6 ms\u001b[39m","size":"823","timestamp":"2026-08-08 09:03:28"}
{"level":"info","message":" Incoming Request \u001b[32mGET\u001b[39m \u001b[32m200\u001b[39m \u001b[35m/api/v1/subscription\u001b[39m \u001b[93m4 ms\u001b[39m","size":"2406","timestamp":"2026-08-08 09:03:28"}
{"level":"info","message":" Incoming Request \u001b[32mGET\u001b[39m \u001b[32m200\u001b[39m \u001b[35m/api/v1/subscription?includeDisabled=true\u001b[39m \u001b[93m3 ms\u001b[39m","size":"2406","timestamp":"2026-08-08 09:03:28"}
{"level":"info","message":" Incoming Request \u001b[32mGET\u001b[39m \u001b[34m304\u001b[39m \u001b[35m/api/v1/subscription/trial-config\u001b[39m \u001b[93m3 ms\u001b[39m","size":0,"timestamp":"2026-08-08 09:03:28"}
{"level":"info","message":" Incoming Request \u001b[33mPATCH\u001b[39m \u001b[32m200\u001b[39m \u001b[35m/api/v1/subscription/6a7568297cf6b6d7cbf527d3\u001b[39m \u001b[93m4 ms\u001b[39m","size":"947","timestamp":"2026-08-08 09:03:39"}
{"level":"info","message":" Incoming Request \u001b[32mGET\u001b[39m \u001b[32m200\u001b[39m \u001b[35m/api/v1/subscription\u001b[39m \u001b[93m4 ms\u001b[39m","size":"2406","timestamp":"2026-08-08 09:03:39"}
{"level":"info","message":" Incoming Request \u001b[32mGET\u001b[39m \u001b[34m304\u001b[39m \u001b[35m/api/v1/subscription/trial-config\u001b[39m \u001b[93m2 ms\u001b[39m","size":0,"timestamp":"2026-08-08 09:03:39"}
{"level":"info","message":" Incoming Request \u001b[32mGET\u001b[39m \u001b[32m200\u001b[39m \u001b[35m/api/v1/subscription?includeDisabled=true\u001b[39m \u001b[93m5 ms\u001b[39m","size":"2406","timestamp":"2026-08-08 09:03:39"}
{"level":"info","message":" Incoming Request \u001b[32mGET\u001b[39m \u001b[34m304\u001b[39m \u001b[35m/api/v1/subscription?includeDisabled=true\u001b[39m \u001b[93m4 ms\u001b[39m","size":0,"timestamp":"2026-08-08 09:03:46"}
{"level":"info","message":" Incoming Request \u001b[32mGET\u001b[39m \u001b[34m304\u001b[39m \u001b[35m/api/v1/subscription?includeDisabled=true\u001b[39m \u001b[93m3 ms\u001b[39m","size":0,"timestamp":"2026-08-08 09:03:47"}
{"level":"info","message":" Incoming Request \u001b[32mGET\u001b[39m \u001b[34m304\u001b[39m \u001b[35m/api/v1/subscription?includeDisabled=true\u001b[39m \u001b[93m5 ms\u001b[39m","size":0,"timestamp":"2026-08-08 09:03:47"}
{"level":"info","message":" Incoming Request \u001b[32mGET\u001b[39m \u001b[34m304\u001b[39m \u001b[35m/api/v1/subscription?includeDisabled=true\u001b[39m \u001b[93m2 ms\u001b[39m","size":0,"timestamp":"2026-08-08 09:03:47"}
{"level":"info","message":" Incoming Request \u001b[32mGET\u001b[39m \u001b[34m304\u001b[39m \u001b[35m/api/v1/subscription?includeDisabled=true\u001b[39m \u001b[93m2 ms\u001b[39m","size":0,"timestamp":"2026-08-08 09:03:48"}
{"level":"info","message":" Incoming Request \u001b[32mGET\u001b[39m \u001b[34m304\u001b[39m \u001b[35m/api/v1/subscription?includeDisabled=true\u001b[39m \u001b[93m7 ms\u001b[39m","size":0,"timestamp":"2026-08-08 09:04:25"}
{"level":"info","message":" Incoming Request \u001b[32mGET\u001b[39m \u001b[34m304\u001b[39m \u001b[35m/api/v1/subscription/trial-config\u001b[39m \u001b[93m14 ms\u001b[39m","size":0,"timestamp":"2026-08-08 09:04:25"}
{"level":"info","message":" Incoming Request \u001b[32mGET\u001b[39m \u001b[34m304\u001b[39m \u001b[35m/api/v1/user/my-profile\u001b[39m \u001b[93m22 ms\u001b[39m","size":0,"timestamp":"2026-08-08 09:04:25"}
{"level":"info","message":" Incoming Request \u001b[32mGET\u001b[39m \u001b[34m304\u001b[39m \u001b[35m/api/v1/user/all-user\u001b[39m \u001b[93m26 ms\u001b[39m","size":0,"timestamp":"2026-08-08 09:04:25"}
{"level":"info","message":" Incoming Request \u001b[32mGET\u001b[39m \u001b[32m200\u001b[39m \u001b[35m/api/v1/subscription\u001b[39m \u001b[93m3 ms\u001b[39m","size":"2406","timestamp":"2026-08-08 09:04:32"}
{"level":"info","message":" Incoming Request \u001b[32mGET\u001b[39m \u001b[34m304\u001b[39m \u001b[35m/api/v1/coupon\u001b[39m \u001b[93m7 ms\u001b[39m","size":0,"timestamp":"2026-08-08 09:11:35"}
{"level":"info","message":" Incoming Request \u001b[32mGET\u001b[39m \u001b[34m304\u001b[39m \u001b[35m/api/v1/coupon\u001b[39m \u001b[93m8 ms\u001b[39m","size":0,"timestamp":"2026-08-08 09:11:44"}
{"level":"info","message":" Incoming Request \u001b[32mGET\u001b[39m \u001b[34m304\u001b[39m \u001b[35m/api/v1/user/my-profile\u001b[39m \u001b[93m6 ms\u001b[39m","size":0,"timestamp":"2026-08-08 09:11:44"}
{"level":"info","message":" Incoming Request \u001b[32mGET\u001b[39m \u001b[34m304\u001b[39m \u001b[35m/api/v1/subscription?includeDisabled=true\u001b[39m \u001b[93m3 ms\u001b[39m","size":0,"timestamp":"2026-08-08 09:11:55"}
{"level":"info","message":" Incoming Request \u001b[32mGET\u001b[39m \u001b[34m304\u001b[39m \u001b[35m/api/v1/subscription/trial-config\u001b[39m \u001b[93m3 ms\u001b[39m","size":0,"timestamp":"2026-08-08 09:11:55"}
{"level":"info","message":" Incoming Request \u001b[32mGET\u001b[39m \u001b[34m304\u001b[39m \u001b[35m/api/v1/user/all-user\u001b[39m \u001b[93m8 ms\u001b[39m","size":0,"timestamp":"2026-08-08 09:11:55"}
{"level":"info","message":" Incoming Request \u001b[32mGET\u001b[39m \u001b[32m200\u001b[39m \u001b[35m/api/v1/subscription\u001b[39m \u001b[93m4 ms\u001b[39m","size":"2406","timestamp":"2026-08-08 09:12:05"}
{"level":"info","message":" Incoming Request \u001b[32mGET\u001b[39m \u001b[32m200\u001b[39m \u001b[35m/api/v1/subscription/user/purchases\u001b[39m \u001b[93m5 ms\u001b[39m","size":"84","timestamp":"2026-08-08 09:13:41"}
{"level":"info","message":" Incoming Request \u001b[32mGET\u001b[39m \u001b[32m200\u001b[39m \u001b[35m/api/v1/subscription/user/purchases\u001b[39m \u001b[93m6 ms\u001b[39m","size":"84","timestamp":"2026-08-08 09:13:48"}
{"level":"info","message":" Incoming Request \u001b[34mPOST\u001b[39m \u001b[33m500\u001b[39m \u001b[35m/api/v1/subscription/purchase/initiate\u001b[39m \u001b[93m12 ms\u001b[39m","size":"295","timestamp":"2026-08-08 09:13:55"}
{"level":"info","message":" Incoming Request \u001b[32mGET\u001b[39m \u001b[34m304\u001b[39m \u001b[35m/api/v1/user/my-profile\u001b[39m \u001b[93m14 ms\u001b[39m","size":0,"timestamp":"2026-08-08 10:10:40"}
{"level":"info","message":" Incoming Request \u001b[32mGET\u001b[39m \u001b[34m304\u001b[39m \u001b[35m/api/v1/user/all-user\u001b[39m \u001b[93m28 ms\u001b[39m","size":0,"timestamp":"2026-08-08 10:10:40"}
{"level":"info","message":" Incoming Request \u001b[32mGET\u001b[39m \u001b[34m304\u001b[39m \u001b[35m/api/v1/subscription?includeDisabled=true\u001b[39m \u001b[93m18 ms\u001b[39m","size":0,"timestamp":"2026-08-08 10:11:00"}
{"level":"info","message":" Incoming Request \u001b[32mGET\u001b[39m \u001b[34m304\u001b[39m \u001b[35m/api/v1/subscription/trial-config\u001b[39m \u001b[93m19 ms\u001b[39m","size":0,"timestamp":"2026-08-08 10:11:00"}
{"level":"info","message":" Incoming Request \u001b[32mGET\u001b[39m \u001b[34m304\u001b[39m \u001b[35m/api/v1/coupon\u001b[39m \u001b[93m5 ms\u001b[39m","size":0,"timestamp":"2026-08-08 10:11:30"}
{"level":"info","message":" Incoming Request \u001b[32mGET\u001b[39m \u001b[34m304\u001b[39m \u001b[35m/api/v1/user/all-user\u001b[39m \u001b[93m32 ms\u001b[39m","size":0,"timestamp":"2026-08-08 10:13:02"}
{"level":"info","message":" Incoming Request \u001b[32mGET\u001b[39m \u001b[34m304\u001b[39m \u001b[35m/api/v1/subscription?includeDisabled=true\u001b[39m \u001b[93m8 ms\u001b[39m","size":0,"timestamp":"2026-08-08 10:15:09"}
{"level":"info","message":" Incoming Request \u001b[32mGET\u001b[39m \u001b[34m304\u001b[39m \u001b[35m/api/v1/subscription/trial-config\u001b[39m \u001b[93m12 ms\u001b[39m","size":0,"timestamp":"2026-08-08 10:15:09"}
{"level":"info","message":" Incoming Request \u001b[32mGET\u001b[39m \u001b[34m304\u001b[39m \u001b[35m/api/v1/user/all-user\u001b[39m \u001b[93m14 ms\u001b[39m","size":0,"timestamp":"2026-08-08 10:15:22"}
{"level":"info","message":" Incoming Request \u001b[32mGET\u001b[39m \u001b[34m304\u001b[39m \u001b[35m/api/v1/management/privacy\u001b[39m \u001b[93m7 ms\u001b[39m","size":0,"timestamp":"2026-08-08 10:15:51"}
{"level":"info","message":" Incoming Request \u001b[32mGET\u001b[39m \u001b[34m304\u001b[39m \u001b[35m/api/v1/management/terms\u001b[39m \u001b[93m5 ms\u001b[39m","size":0,"timestamp":"2026-08-08 10:15:52"}
{"level":"info","message":" Incoming Request \u001b[32mGET\u001b[39m \u001b[34m304\u001b[39m \u001b[35m/api/v1/management/about\u001b[39m \u001b[93m7 ms\u001b[39m","size":0,"timestamp":"2026-08-08 10:15:53"}
{"level":"info","message":" Incoming Request \u001b[32mGET\u001b[39m \u001b[34m304\u001b[39m \u001b[35m/api/v1/user/my-profile\u001b[39m \u001b[93m9 ms\u001b[39m","size":0,"timestamp":"2026-08-08 10:16:02"}
{"level":"info","message":" Incoming Request \u001b[32mGET\u001b[39m \u001b[34m304\u001b[39m \u001b[35m/api/v1/user/all-user\u001b[39m \u001b[93m17 ms\u001b[39m","size":0,"timestamp":"2026-08-08 10:16:02"}
{"level":"info","message":" Incoming Request \u001b[32mGET\u001b[39m \u001b[34m304\u001b[39m \u001b[35m/api/v1/user/my-profile\u001b[39m \u001b[93m14 ms\u001b[39m","size":0,"timestamp":"2026-08-08 10:16:08"}
{"level":"info","message":" Incoming Request \u001b[32mGET\u001b[39m \u001b[32m200\u001b[39m \u001b[35m/api/v1/user/all-user?page=1&limit=10\u001b[39m \u001b[93m22 ms\u001b[39m","size":"503","timestamp":"2026-08-08 10:16:08"}
{"level":"info","message":" Incoming Request \u001b[32mGET\u001b[39m \u001b[32m200\u001b[39m \u001b[35m/api/v1/subscription/trial-config\u001b[39m \u001b[93m2 ms\u001b[39m","size":"334","timestamp":"2026-08-08 10:16:29"}
{"level":"info","message":" Incoming Request \u001b[32mGET\u001b[39m \u001b[34m304\u001b[39m \u001b[35m/api/v1/user/all-user?page=1&limit=10\u001b[39m \u001b[93m13 ms\u001b[39m","size":0,"timestamp":"2026-08-08 10:16:40"}
{"level":"info","message":" Incoming Request \u001b[32mGET\u001b[39m \u001b[34m304\u001b[39m \u001b[35m/api/v1/coupon\u001b[39m \u001b[93m7 ms\u001b[39m","size":0,"timestamp":"2026-08-08 10:16:59"}
{"level":"info","message":" Incoming Request \u001b[32mGET\u001b[39m \u001b[34m304\u001b[39m \u001b[35m/api/v1/subscription?includeDisabled=true\u001b[39m \u001b[93m5 ms\u001b[39m","size":0,"timestamp":"2026-08-08 10:16:59"}
{"level":"info","message":" Incoming Request \u001b[32mGET\u001b[39m \u001b[34m304\u001b[39m \u001b[35m/api/v1/subscription/trial-config\u001b[39m \u001b[93m7 ms\u001b[39m","size":0,"timestamp":"2026-08-08 10:16:59"}
{"level":"info","message":"Root endpoint hit","timestamp":"2026-08-08 10:19:01"}
{"level":"info","message":" Incoming Request \u001b[32mGET\u001b[39m \u001b[32m200\u001b[39m \u001b[35m/\u001b[39m \u001b[93m4 ms\u001b[39m","size":"109","timestamp":"2026-08-08 10:19:01"}
{"level":"info","message":" Incoming Request \u001b[32mGET\u001b[39m \u001b[32m200\u001b[39m \u001b[35m/api/v1/subscription?includeDisabled=true\u001b[39m \u001b[93m11 ms\u001b[39m","size":"2406","timestamp":"2026-08-08 10:19:22"}
{"level":"info","message":" Incoming Request \u001b[32mGET\u001b[39m \u001b[32m200\u001b[39m \u001b[35m/api/v1/user/my-profile\u001b[39m \u001b[93m13 ms\u001b[39m","size":"468","timestamp":"2026-08-08 10:19:22"}
{"level":"info","message":" Incoming Request \u001b[32mGET\u001b[39m \u001b[32m200\u001b[39m \u001b[35m/api/v1/subscription/trial-config\u001b[39m \u001b[93m18 ms\u001b[39m","size":"412","timestamp":"2026-08-08 10:19:23"}
{"level":"info","message":" Incoming Request \u001b[32mGET\u001b[39m \u001b[34m304\u001b[39m \u001b[35m/api/v1/subscription?includeDisabled=true\u001b[39m \u001b[93m4 ms\u001b[39m","size":0,"timestamp":"2026-08-08 10:19:25"}
{"level":"info","message":" Incoming Request \u001b[32mGET\u001b[39m \u001b[34m304\u001b[39m \u001b[35m/api/v1/subscription/trial-config\u001b[39m \u001b[93m17 ms\u001b[39m","size":0,"timestamp":"2026-08-08 10:19:25"}
{"level":"info","message":" Incoming Request \u001b[32mGET\u001b[39m \u001b[34m304\u001b[39m \u001b[35m/api/v1/user/my-profile\u001b[39m \u001b[93m5 ms\u001b[39m","size":0,"timestamp":"2026-08-08 10:19:25"}
{"level":"info","message":" Incoming Request \u001b[32mGET\u001b[39m \u001b[32m200\u001b[39m \u001b[35m/api/v1/user/all-user?page=1&limit=10\u001b[39m \u001b[93m16 ms\u001b[39m","size":"512","timestamp":"2026-08-08 10:19:36"}
{"level":"info","message":" Incoming Request \u001b[32mGET\u001b[39m \u001b[32m200\u001b[39m \u001b[35m/api/v1/subscription\u001b[39m \u001b[93m8 ms\u001b[39m","size":"2406","timestamp":"2026-08-08 10:40:47"}
{"level":"info","message":" Incoming Request \u001b[32mGET\u001b[39m \u001b[32m200\u001b[39m \u001b[35m/api/v1/user/my-profile\u001b[39m \u001b[93m16 ms\u001b[39m","size":"492","timestamp":"2026-08-08 10:50:27"}
{"level":"info","message":" Incoming Request \u001b[32mGET\u001b[39m \u001b[34m304\u001b[39m \u001b[35m/api/v1/user/my-profile\u001b[39m \u001b[93m26 ms\u001b[39m","size":0,"timestamp":"2026-08-08 10:52:39"}
{"level":"info","message":" Incoming Request \u001b[32mGET\u001b[39m \u001b[32m200\u001b[39m \u001b[35m/api/v1/signal\u001b[39m \u001b[93m60 ms\u001b[39m","size":"86","timestamp":"2026-08-08 10:53:41"}
{"level":"info","message":" Incoming Request \u001b[32mGET\u001b[39m \u001b[32m200\u001b[39m \u001b[35m/api/v1/notification\u001b[39m \u001b[93m64 ms\u001b[39m","size":"92","timestamp":"2026-08-08 10:53:41"}
{"level":"info","message":" Incoming Request \u001b[32mGET\u001b[39m \u001b[34m304\u001b[39m \u001b[35m/api/v1/subscription/trial-config\u001b[39m \u001b[93m105 ms\u001b[39m","size":0,"timestamp":"2026-08-08 10:53:41"}
{"level":"info","message":" Incoming Request \u001b[32mGET\u001b[39m \u001b[32m200\u001b[39m \u001b[35m/api/v1/notification/audience-stats\u001b[39m \u001b[93m71 ms\u001b[39m","size":"139","timestamp":"2026-08-08 10:53:41"}
{"level":"info","message":" Incoming Request \u001b[32mGET\u001b[39m \u001b[32m200\u001b[39m \u001b[35m/api/v1/post\u001b[39m \u001b[93m76 ms\u001b[39m","size":"84","timestamp":"2026-08-08 10:53:41"}
{"level":"info","message":" Incoming Request \u001b[32mGET\u001b[39m \u001b[34m304\u001b[39m \u001b[35m/api/v1/notification/audience-stats\u001b[39m \u001b[93m14 ms\u001b[39m","size":0,"timestamp":"2026-08-08 10:54:16"}
{"level":"info","message":" Incoming Request \u001b[32mGET\u001b[39m \u001b[34m304\u001b[39m \u001b[35m/api/v1/user/my-profile\u001b[39m \u001b[93m13 ms\u001b[39m","size":0,"timestamp":"2026-08-08 10:54:16"}
{"level":"info","message":" Incoming Request \u001b[32mGET\u001b[39m \u001b[34m304\u001b[39m \u001b[35m/api/v1/notification\u001b[39m \u001b[93m13 ms\u001b[39m","size":0,"timestamp":"2026-08-08 10:54:16"}
{"level":"info","message":" Incoming Request \u001b[32mGET\u001b[39m \u001b[34m304\u001b[39m \u001b[35m/api/v1/post\u001b[39m \u001b[93m19 ms\u001b[39m","size":0,"timestamp":"2026-08-08 10:54:17"}
{"level":"info","message":" Incoming Request \u001b[32mGET\u001b[39m \u001b[34m304\u001b[39m \u001b[35m/api/v1/signal\u001b[39m \u001b[93m11 ms\u001b[39m","size":0,"timestamp":"2026-08-08 10:54:19"}
{"level":"info","message":" Incoming Request \u001b[32mGET\u001b[39m \u001b[34m304\u001b[39m \u001b[35m/api/v1/subscription?includeDisabled=true\u001b[39m \u001b[93m6 ms\u001b[39m","size":0,"timestamp":"2026-08-08 10:54:20"}
{"level":"info","message":" Incoming Request \u001b[32mGET\u001b[39m \u001b[34m304\u001b[39m \u001b[35m/api/v1/subscription/trial-config\u001b[39m \u001b[93m11 ms\u001b[39m","size":0,"timestamp":"2026-08-08 10:54:20"}
{"level":"info","message":" Incoming Request \u001b[32mGET\u001b[39m \u001b[32m200\u001b[39m \u001b[35m/api/v1/user/all-user?page=1&limit=10\u001b[39m \u001b[93m20 ms\u001b[39m","size":"536","timestamp":"2026-08-08 10:54:21"}
{"level":"info","message":" Incoming Request \u001b[32mGET\u001b[39m \u001b[32m200\u001b[39m \u001b[35m/api/v1/coupon\u001b[39m \u001b[93m13 ms\u001b[39m","size":"365","timestamp":"2026-08-08 10:54:23"}
{"level":"info","message":" Incoming Request \u001b[32mGET\u001b[39m \u001b[34m304\u001b[39m \u001b[35m/api/v1/signal\u001b[39m \u001b[93m7 ms\u001b[39m","size":0,"timestamp":"2026-08-08 10:54:30"}
{"level":"info","message":" Incoming Request \u001b[32mGET\u001b[39m \u001b[34m304\u001b[39m \u001b[35m/api/v1/post\u001b[39m \u001b[93m8 ms\u001b[39m","size":0,"timestamp":"2026-08-08 10:54:30"}
{"level":"info","message":" Incoming Request \u001b[32mGET\u001b[39m \u001b[34m304\u001b[39m \u001b[35m/api/v1/post\u001b[39m \u001b[93m91 ms\u001b[39m","size":0,"timestamp":"2026-08-08 10:57:30"}
{"level":"info","message":" Incoming Request \u001b[32mGET\u001b[39m \u001b[34m304\u001b[39m \u001b[35m/api/v1/user/my-profile\u001b[39m \u001b[93m93 ms\u001b[39m","size":0,"timestamp":"2026-08-08 10:57:30"}
{"level":"info","message":" Incoming Request \u001b[32mGET\u001b[39m \u001b[34m304\u001b[39m \u001b[35m/api/v1/signal\u001b[39m \u001b[93m101 ms\u001b[39m","size":0,"timestamp":"2026-08-08 10:57:30"}
{"level":"info","message":" Incoming Request \u001b[32mGET\u001b[39m \u001b[34m304\u001b[39m \u001b[35m/api/v1/notification\u001b[39m \u001b[93m58 ms\u001b[39m","size":0,"timestamp":"2026-08-08 10:57:30"}
{"level":"info","message":" Incoming Request \u001b[32mGET\u001b[39m \u001b[34m304\u001b[39m \u001b[35m/api/v1/notification/audience-stats\u001b[39m \u001b[93m39 ms\u001b[39m","size":0,"timestamp":"2026-08-08 10:57:30"}
{"level":"info","message":" Incoming Request \u001b[32mGET\u001b[39m \u001b[34m304\u001b[39m \u001b[35m/api/v1/subscription/trial-config\u001b[39m \u001b[93m50 ms\u001b[39m","size":0,"timestamp":"2026-08-08 10:57:30"}
{"level":"info","message":" Incoming Request \u001b[32mGET\u001b[39m \u001b[32m200\u001b[39m \u001b[35m/api/v1/dashboard/stats?range=6M\u001b[39m \u001b[93m138 ms\u001b[39m","size":"1104","timestamp":"2026-08-08 10:57:54"}
{"level":"info","message":" Incoming Request \u001b[32mGET\u001b[39m \u001b[34m304\u001b[39m \u001b[35m/api/v1/signal\u001b[39m \u001b[93m7 ms\u001b[39m","size":0,"timestamp":"2026-08-08 10:59:18"}
{"level":"info","message":" Incoming Request \u001b[32mGET\u001b[39m \u001b[34m304\u001b[39m \u001b[35m/api/v1/post\u001b[39m \u001b[93m7 ms\u001b[39m","size":0,"timestamp":"2026-08-08 10:59:19"}
{"level":"info","message":" Incoming Request \u001b[32mGET\u001b[39m \u001b[34m304\u001b[39m \u001b[35m/api/v1/notification\u001b[39m \u001b[93m10 ms\u001b[39m","size":0,"timestamp":"2026-08-08 10:59:20"}
{"level":"info","message":" Incoming Request \u001b[32mGET\u001b[39m \u001b[34m304\u001b[39m \u001b[35m/api/v1/subscription?includeDisabled=true\u001b[39m \u001b[93m18 ms\u001b[39m","size":0,"timestamp":"2026-08-08 11:01:17"}
{"level":"info","message":" Incoming Request \u001b[32mGET\u001b[39m \u001b[34m304\u001b[39m \u001b[35m/api/v1/subscription/trial-config\u001b[39m \u001b[93m23 ms\u001b[39m","size":0,"timestamp":"2026-08-08 11:01:17"}
{"level":"info","message":" Incoming Request \u001b[32mGET\u001b[39m \u001b[34m304\u001b[39m \u001b[35m/api/v1/subscription?includeDisabled=true\u001b[39m \u001b[93m5 ms\u001b[39m","size":0,"timestamp":"2026-08-08 11:04:24"}
{"level":"info","message":" Incoming Request \u001b[32mGET\u001b[39m \u001b[34m304\u001b[39m \u001b[35m/api/v1/subscription?includeDisabled=true\u001b[39m \u001b[93m4 ms\u001b[39m","size":0,"timestamp":"2026-08-08 11:04:27"}
{"level":"info","message":" Incoming Request \u001b[32mGET\u001b[39m \u001b[32m200\u001b[39m \u001b[35m/api/v1/subscription\u001b[39m \u001b[93m3 ms\u001b[39m","size":"2406","timestamp":"2026-08-08 11:04:31"}
{"level":"info","message":" Incoming Request \u001b[33mPATCH\u001b[39m \u001b[32m200\u001b[39m \u001b[35m/api/v1/subscription/6a7568297cf6b6d7cbf527d5\u001b[39m \u001b[93m11 ms\u001b[39m","size":"819","timestamp":"2026-08-08 11:04:37"}
{"level":"info","message":" Incoming Request \u001b[32mGET\u001b[39m \u001b[34m304\u001b[39m \u001b[35m/api/v1/subscription/trial-config\u001b[39m \u001b[93m14 ms\u001b[39m","size":0,"timestamp":"2026-08-08 11:04:37"}
{"level":"info","message":" Incoming Request \u001b[32mGET\u001b[39m \u001b[32m200\u001b[39m \u001b[35m/api/v1/subscription?includeDisabled=true\u001b[39m \u001b[93m2 ms\u001b[39m","size":"2407","timestamp":"2026-08-08 11:04:38"}
{"level":"info","message":" Incoming Request \u001b[32mGET\u001b[39m \u001b[34m304\u001b[39m \u001b[35m/api/v1/subscription?includeDisabled=true\u001b[39m \u001b[93m3 ms\u001b[39m","size":0,"timestamp":"2026-08-08 11:04:40"}
{"level":"info","message":" Incoming Request \u001b[32mGET\u001b[39m \u001b[34m304\u001b[39m \u001b[35m/api/v1/subscription?includeDisabled=true\u001b[39m \u001b[93m4 ms\u001b[39m","size":0,"timestamp":"2026-08-08 11:04:42"}
{"level":"info","message":" Incoming Request \u001b[32mGET\u001b[39m \u001b[34m304\u001b[39m \u001b[35m/api/v1/subscription?includeDisabled=true\u001b[39m \u001b[93m4 ms\u001b[39m","size":0,"timestamp":"2026-08-08 11:04:42"}
{"level":"info","message":" Incoming Request \u001b[33mPATCH\u001b[39m \u001b[32m200\u001b[39m \u001b[35m/api/v1/subscription/6a7568297cf6b6d7cbf527d5\u001b[39m \u001b[93m3 ms\u001b[39m","size":"818","timestamp":"2026-08-08 11:04:47"}
{"level":"info","message":" Incoming Request \u001b[32mGET\u001b[39m \u001b[32m200\u001b[39m \u001b[35m/api/v1/subscription?includeDisabled=true\u001b[39m \u001b[93m4 ms\u001b[39m","size":"2406","timestamp":"2026-08-08 11:04:48"}
{"level":"info","message":" Incoming Request \u001b[32mGET\u001b[39m \u001b[34m304\u001b[39m \u001b[35m/api/v1/subscription/trial-config\u001b[39m \u001b[93m10 ms\u001b[39m","size":0,"timestamp":"2026-08-08 11:04:48"}
{"level":"info","message":" Incoming Request \u001b[32mGET\u001b[39m \u001b[31m401\u001b[39m \u001b[35m/api/v1/user/my-profile\u001b[39m \u001b[93m1 ms\u001b[39m","size":"174","timestamp":"2026-08-08 11:05:03"}
{"level":"info","message":" Incoming Request \u001b[32mGET\u001b[39m \u001b[34m304\u001b[39m \u001b[35m/api/v1/signal\u001b[39m \u001b[93m8 ms\u001b[39m","size":0,"timestamp":"2026-08-08 11:05:35"}
{"level":"info","message":" Incoming Request \u001b[32mGET\u001b[39m \u001b[34m304\u001b[39m \u001b[35m/api/v1/signal\u001b[39m \u001b[93m5 ms\u001b[39m","size":0,"timestamp":"2026-08-08 11:05:50"}
{"level":"info","message":" Incoming Request \u001b[32mGET\u001b[39m \u001b[34m304\u001b[39m \u001b[35m/api/v1/signal\u001b[39m \u001b[93m8 ms\u001b[39m","size":0,"timestamp":"2026-08-08 11:05:50"}
{"level":"info","message":" Incoming Request \u001b[32mGET\u001b[39m \u001b[34m304\u001b[39m \u001b[35m/api/v1/signal\u001b[39m \u001b[93m8 ms\u001b[39m","size":0,"timestamp":"2026-08-08 11:05:51"}
{"level":"info","message":" Incoming Request \u001b[34mPOST\u001b[39m \u001b[31m401\u001b[39m \u001b[35m/api/v1/user/login\u001b[39m \u001b[93m222 ms\u001b[39m","size":"132","timestamp":"2026-08-08 11:07:02"}
{"level":"info","message":" Incoming Request \u001b[34mPOST\u001b[39m \u001b[32m200\u001b[39m \u001b[35m/api/v1/user/login\u001b[39m \u001b[93m228 ms\u001b[39m","size":"676","timestamp":"2026-08-08 11:07:13"}
{"level":"info","message":" Incoming Request \u001b[32mGET\u001b[39m \u001b[32m200\u001b[39m \u001b[35m/api/v1/user/my-profile\u001b[39m \u001b[93m7 ms\u001b[39m","size":"459","timestamp":"2026-08-08 11:07:26"}
{"level":"info","message":" Incoming Request \u001b[33mPATCH\u001b[39m \u001b[32m200\u001b[39m \u001b[35m/api/v1/user/update-profile\u001b[39m \u001b[93m15 ms\u001b[39m","size":"496","timestamp":"2026-08-08 11:07:36"}
{"level":"info","message":" Incoming Request \u001b[33mPATCH\u001b[39m \u001b[32m200\u001b[39m \u001b[35m/api/v1/user/update-profile\u001b[39m \u001b[93m7 ms\u001b[39m","size":"497","timestamp":"2026-08-08 11:07:48"}
{"level":"info","message":" Incoming Request \u001b[32mGET\u001b[39m \u001b[32m200\u001b[39m \u001b[35m/api/v1/subscription\u001b[39m \u001b[93m3 ms\u001b[39m","size":"2406","timestamp":"2026-08-08 11:08:04"}
{"level":"info","message":" Incoming Request \u001b[32mGET\u001b[39m \u001b[34m304\u001b[39m \u001b[35m/api/v1/subscription?includeDisabled=true\u001b[39m \u001b[93m4 ms\u001b[39m","size":0,"timestamp":"2026-08-08 11:08:12"}
{"level":"info","message":" Incoming Request \u001b[32mGET\u001b[39m \u001b[34m304\u001b[39m \u001b[35m/api/v1/subscription/trial-config\u001b[39m \u001b[93m6 ms\u001b[39m","size":0,"timestamp":"2026-08-08 11:08:12"}
{"level":"info","message":" Incoming Request \u001b[33mPATCH\u001b[39m \u001b[32m200\u001b[39m \u001b[35m/api/v1/subscription/6a7568297cf6b6d7cbf527d5\u001b[39m \u001b[93m9 ms\u001b[39m","size":"819","timestamp":"2026-08-08 11:08:16"}
{"level":"info","message":" Incoming Request \u001b[32mGET\u001b[39m \u001b[32m200\u001b[39m \u001b[35m/api/v1/subscription?includeDisabled=true\u001b[39m \u001b[93m2 ms\u001b[39m","size":"2407","timestamp":"2026-08-08 11:08:16"}
{"level":"info","message":" Incoming Request \u001b[32mGET\u001b[39m \u001b[34m304\u001b[39m \u001b[35m/api/v1/subscription/trial-config\u001b[39m \u001b[93m10 ms\u001b[39m","size":0,"timestamp":"2026-08-08 11:08:16"}
{"level":"info","message":" Incoming Request \u001b[33mPATCH\u001b[39m \u001b[32m200\u001b[39m \u001b[35m/api/v1/subscription/6a7568297cf6b6d7cbf527d4\u001b[39m \u001b[93m9 ms\u001b[39m","size":"824","timestamp":"2026-08-08 11:08:19"}
{"level":"info","message":" Incoming Request \u001b[32mGET\u001b[39m \u001b[32m200\u001b[39m \u001b[35m/api/v1/subscription?includeDisabled=true\u001b[39m \u001b[93m6 ms\u001b[39m","size":"2408","timestamp":"2026-08-08 11:08:19"}
{"level":"info","message":" Incoming Request \u001b[32mGET\u001b[39m \u001b[34m304\u001b[39m \u001b[35m/api/v1/subscription/trial-config\u001b[39m \u001b[93m10 ms\u001b[39m","size":0,"timestamp":"2026-08-08 11:08:19"}
{"level":"info","message":" Incoming Request \u001b[32mGET\u001b[39m \u001b[32m200\u001b[39m \u001b[35m/api/v1/subscription\u001b[39m \u001b[93m3 ms\u001b[39m","size":"947","timestamp":"2026-08-08 11:08:22"}
{"level":"info","message":" Incoming Request \u001b[33mPATCH\u001b[39m \u001b[32m200\u001b[39m \u001b[35m/api/v1/subscription/6a7568297cf6b6d7cbf527d3\u001b[39m \u001b[93m4 ms\u001b[39m","size":"948","timestamp":"2026-08-08 11:08:27"}
{"level":"info","message":" Incoming Request \u001b[32mGET\u001b[39m \u001b[32m200\u001b[39m \u001b[35m/api/v1/subscription?includeDisabled=true\u001b[39m \u001b[93m3 ms\u001b[39m","size":"2409","timestamp":"2026-08-08 11:08:27"}
{"level":"info","message":" Incoming Request \u001b[32mGET\u001b[39m \u001b[34m304\u001b[39m \u001b[35m/api/v1/subscription/trial-config\u001b[39m \u001b[93m11 ms\u001b[39m","size":0,"timestamp":"2026-08-08 11:08:27"}
{"level":"info","message":" Incoming Request \u001b[32mGET\u001b[39m \u001b[34m304\u001b[39m \u001b[35m/api/v1/subscription?includeDisabled=true\u001b[39m \u001b[93m7 ms\u001b[39m","size":0,"timestamp":"2026-08-08 11:08:29"}
{"level":"info","message":" Incoming Request \u001b[32mGET\u001b[39m \u001b[32m200\u001b[39m \u001b[35m/api/v1/subscription\u001b[39m \u001b[93m3 ms\u001b[39m","size":"92","timestamp":"2026-08-08 11:08:31"}
{"level":"info","message":" Incoming Request \u001b[33mPATCH\u001b[39m \u001b[32m200\u001b[39m \u001b[35m/api/v1/subscription/6a7568297cf6b6d7cbf527d3\u001b[39m \u001b[93m7 ms\u001b[39m","size":"947","timestamp":"2026-08-08 11:08:35"}
{"level":"info","message":" Incoming Request \u001b[32mGET\u001b[39m \u001b[32m200\u001b[39m \u001b[35m/api/v1/subscription?includeDisabled=true\u001b[39m \u001b[93m11 ms\u001b[39m","size":"2408","timestamp":"2026-08-08 11:08:36"}
{"level":"info","message":" Incoming Request \u001b[32mGET\u001b[39m \u001b[34m304\u001b[39m \u001b[35m/api/v1/subscription/trial-config\u001b[39m \u001b[93m21 ms\u001b[39m","size":0,"timestamp":"2026-08-08 11:08:36"}
{"level":"info","message":" Incoming Request \u001b[33mPATCH\u001b[39m \u001b[32m200\u001b[39m \u001b[35m/api/v1/subscription/6a7568297cf6b6d7cbf527d4\u001b[39m \u001b[93m3 ms\u001b[39m","size":"823","timestamp":"2026-08-08 11:08:39"}
{"level":"info","message":" Incoming Request \u001b[32mGET\u001b[39m \u001b[32m200\u001b[39m \u001b[35m/api/v1/subscription?includeDisabled=true\u001b[39m \u001b[93m6 ms\u001b[39m","size":"2407","timestamp":"2026-08-08 11:08:39"}
{"level":"info","message":" Incoming Request \u001b[32mGET\u001b[39m \u001b[34m304\u001b[39m \u001b[35m/api/v1/subscription/trial-config\u001b[39m \u001b[93m10 ms\u001b[39m","size":0,"timestamp":"2026-08-08 11:08:39"}
{"level":"info","message":" Incoming Request \u001b[32mGET\u001b[39m \u001b[32m200\u001b[39m \u001b[35m/api/v1/subscription\u001b[39m \u001b[93m12 ms\u001b[39m","size":"1679","timestamp":"2026-08-08 11:08:41"}
{"level":"info","message":" Incoming Request \u001b[33mPATCH\u001b[39m \u001b[32m200\u001b[39m \u001b[35m/api/v1/subscription/6a7568297cf6b6d7cbf527d5\u001b[39m \u001b[93m3 ms\u001b[39m","size":"818","timestamp":"2026-08-08 11:08:45"}
{"level":"info","message":" Incoming Request \u001b[32mGET\u001b[39m \u001b[32m200\u001b[39m \u001b[35m/api/v1/subscription?includeDisabled=true\u001b[39m \u001b[93m5 ms\u001b[39m","size":"2406","timestamp":"2026-08-08 11:08:45"}
{"level":"info","message":" Incoming Request \u001b[32mGET\u001b[39m \u001b[34m304\u001b[39m \u001b[35m/api/v1/subscription/trial-config\u001b[39m \u001b[93m7 ms\u001b[39m","size":0,"timestamp":"2026-08-08 11:08:45"}
{"level":"info","message":" Incoming Request \u001b[32mGET\u001b[39m \u001b[32m200\u001b[39m \u001b[35m/api/v1/subscription/6a7568297cf6b6d7cbf527d3\u001b[39m \u001b[93m2 ms\u001b[39m","size":"944","timestamp":"2026-08-08 11:09:02"}
{"level":"info","message":" Incoming Request \u001b[32mGET\u001b[39m \u001b[32m200\u001b[39m \u001b[35m/api/v1/subscription/trial-config\u001b[39m \u001b[93m7 ms\u001b[39m","size":"412","timestamp":"2026-08-08 11:09:09"}
{"level":"info","message":" Incoming Request \u001b[34mPOST\u001b[39m \u001b[31m400\u001b[39m \u001b[35m/api/v1/coupon/validate\u001b[39m \u001b[93m3 ms\u001b[39m","size":"78","timestamp":"2026-08-08 11:09:30"}
{"level":"info","message":" Incoming Request \u001b[34mPOST\u001b[39m \u001b[32m201\u001b[39m \u001b[35m/api/v1/subscription/purchase/initiate\u001b[39m \u001b[93m37 ms\u001b[39m","size":"768","timestamp":"2026-08-08 11:17:52"}
{"level":"info","message":" Incoming Request \u001b[34mPOST\u001b[39m \u001b[31m400\u001b[39m \u001b[35m/api/v1/subscription/purchase/initiate\u001b[39m \u001b[93m8 ms\u001b[39m","size":"97","timestamp":"2026-08-08 11:18:14"}
{"level":"info","message":" Incoming Request \u001b[34mPOST\u001b[39m \u001b[33m500\u001b[39m \u001b[35m/api/v1/subscription/purchase/initiate\u001b[39m \u001b[93m628 ms\u001b[39m","size":"244","timestamp":"2026-08-08 11:42:10"}
{"level":"info","message":" Incoming Request \u001b[34mPOST\u001b[39m \u001b[33m500\u001b[39m \u001b[35m/api/v1/subscription/purchase/initiate\u001b[39m \u001b[93m302 ms\u001b[39m","size":"244","timestamp":"2026-08-08 11:42:33"}
{"level":"info","message":" Incoming Request \u001b[34mPOST\u001b[39m \u001b[31m400\u001b[39m \u001b[35m/api/v1/subscription/purchase/initiate\u001b[39m \u001b[93m8 ms\u001b[39m","size":"140","timestamp":"2026-08-08 11:43:11"}
{"level":"info","message":" Incoming Request \u001b[32mGET\u001b[39m \u001b[34m304\u001b[39m \u001b[35m/api/v1/coupon\u001b[39m \u001b[93m5 ms\u001b[39m","size":0,"timestamp":"2026-08-08 11:43:23"}
{"level":"info","message":" Incoming Request \u001b[34mPOST\u001b[39m \u001b[31m400\u001b[39m \u001b[35m/api/v1/subscription/purchase/initiate\u001b[39m \u001b[93m8 ms\u001b[39m","size":"138","timestamp":"2026-08-08 11:43:37"}
{"level":"info","message":" Incoming Request \u001b[32mGET\u001b[39m \u001b[34m304\u001b[39m \u001b[35m/api/v1/coupon\u001b[39m \u001b[93m16 ms\u001b[39m","size":0,"timestamp":"2026-08-08 11:43:49"}
{"level":"info","message":" Incoming Request \u001b[33mPATCH\u001b[39m \u001b[32m200\u001b[39m \u001b[35m/api/v1/coupon/6a75af5601fc076672311be0\u001b[39m \u001b[93m6 ms\u001b[39m","size":"358","timestamp":"2026-08-08 11:43:52"}
{"level":"info","message":" Incoming Request \u001b[32mGET\u001b[39m \u001b[32m200\u001b[39m \u001b[35m/api/v1/coupon\u001b[39m \u001b[93m6 ms\u001b[39m","size":"363","timestamp":"2026-08-08 11:43:52"}
{"level":"info","message":" Incoming Request \u001b[34mPOST\u001b[39m \u001b[33m500\u001b[39m \u001b[35m/api/v1/subscription/purchase/initiate\u001b[39m \u001b[93m555 ms\u001b[39m","size":"244","timestamp":"2026-08-08 11:43:55"}
{"level":"info","message":" Incoming Request \u001b[32mGET\u001b[39m \u001b[34m304\u001b[39m \u001b[35m/api/v1/subscription?includeDisabled=true\u001b[39m \u001b[93m3 ms\u001b[39m","size":0,"timestamp":"2026-08-08 11:51:03"}
{"level":"info","message":" Incoming Request \u001b[32mGET\u001b[39m \u001b[32m200\u001b[39m \u001b[35m/api/v1/subscription/trial-config\u001b[39m \u001b[93m9 ms\u001b[39m","size":"412","timestamp":"2026-08-08 11:51:03"}
{"level":"info","message":" Incoming Request \u001b[34mPOST\u001b[39m \u001b[33m500\u001b[39m \u001b[35m/api/v1/subscription/purchase/initiate\u001b[39m \u001b[93m871 ms\u001b[39m","size":"244","timestamp":"2026-08-08 11:58:37"}
{"level":"info","message":" Incoming Request \u001b[34mPOST\u001b[39m \u001b[33m500\u001b[39m \u001b[35m/api/v1/subscription/purchase/initiate\u001b[39m \u001b[93m649 ms\u001b[39m","size":"244","timestamp":"2026-08-08 11:59:08"}
{"level":"info","message":" Incoming Request \u001b[34mPOST\u001b[39m \u001b[32m201\u001b[39m \u001b[35m/api/v1/subscription/purchase/initiate\u001b[39m \u001b[93m797 ms\u001b[39m","size":"1342","timestamp":"2026-08-08 12:01:37"}
{"level":"info","message":" Incoming Request \u001b[32mGET\u001b[39m \u001b[32m200\u001b[39m \u001b[35m/api/v1/subscription/user/current\u001b[39m \u001b[93m16 ms\u001b[39m","size":"1391","timestamp":"2026-08-08 12:03:37"}
{"level":"info","message":" Incoming Request \u001b[32mGET\u001b[39m \u001b[32m200\u001b[39m \u001b[35m/api/v1/subscription/user/current\u001b[39m \u001b[93m4 ms\u001b[39m","size":"80","timestamp":"2026-08-08 12:05:28"}
{"level":"info","message":" Incoming Request \u001b[32mGET\u001b[39m \u001b[32m200\u001b[39m \u001b[35m/api/v1/subscription/user/purchases\u001b[39m \u001b[93m5 ms\u001b[39m","size":"84","timestamp":"2026-08-08 12:05:36"}
{"level":"info","message":" Incoming Request \u001b[32mGET\u001b[39m \u001b[32m200\u001b[39m \u001b[35m/api/v1/subscription/user/trial-status\u001b[39m \u001b[93m12 ms\u001b[39m","size":"102","timestamp":"2026-08-08 12:05:41"}
{"level":"info","message":" Incoming Request \u001b[32mGET\u001b[39m \u001b[32m200\u001b[39m \u001b[35m/api/v1/subscription/user/current\u001b[39m \u001b[93m6 ms\u001b[39m","size":"80","timestamp":"2026-08-08 12:06:57"}
{"level":"info","message":" Incoming Request \u001b[34mPOST\u001b[39m \u001b[32m201\u001b[39m \u001b[35m/api/v1/subscription/purchase/initiate\u001b[39m \u001b[93m754 ms\u001b[39m","size":"1332","timestamp":"2026-08-08 12:09:00"}
{"level":"info","message":" Incoming Request \u001b[34mPOST\u001b[39m \u001b[32m201\u001b[39m \u001b[35m/api/v1/subscription/purchase/initiate\u001b[39m \u001b[93m744 ms\u001b[39m","size":"1342","timestamp":"2026-08-08 12:12:28"}
{"level":"info","message":" Incoming Request \u001b[34mPOST\u001b[39m \u001b[32m200\u001b[39m \u001b[35m/stripe/webhook\u001b[39m \u001b[93m2 ms\u001b[39m","size":"17","timestamp":"2026-08-08 12:13:15"}
{"level":"info","message":" Incoming Request \u001b[34mPOST\u001b[39m \u001b[32m200\u001b[39m \u001b[35m/stripe/webhook\u001b[39m \u001b[93m1 ms\u001b[39m","size":"17","timestamp":"2026-08-08 12:13:15"}
{"level":"info","message":" Incoming Request \u001b[34mPOST\u001b[39m \u001b[32m200\u001b[39m \u001b[35m/stripe/webhook\u001b[39m \u001b[93m19 ms\u001b[39m","size":"17","timestamp":"2026-08-08 12:13:15"}
{"level":"info","message":" Incoming Request \u001b[34mPOST\u001b[39m \u001b[32m200\u001b[39m \u001b[35m/stripe/webhook\u001b[39m \u001b[93m1 ms\u001b[39m","size":"17","timestamp":"2026-08-08 12:13:15"}
{"level":"info","message":" Incoming Request \u001b[34mPOST\u001b[39m \u001b[32m200\u001b[39m \u001b[35m/stripe/webhook\u001b[39m \u001b[93m0 ms\u001b[39m","size":"17","timestamp":"2026-08-08 12:13:15"}
{"level":"info","message":" Incoming Request \u001b[34mPOST\u001b[39m \u001b[32m200\u001b[39m \u001b[35m/stripe/webhook\u001b[39m \u001b[93m1 ms\u001b[39m","size":"17","timestamp":"2026-08-08 12:13:15"}
{"level":"info","message":" Incoming Request \u001b[34mPOST\u001b[39m \u001b[32m200\u001b[39m \u001b[35m/stripe/webhook\u001b[39m \u001b[93m4 ms\u001b[39m","size":"17","timestamp":"2026-08-08 12:13:16"}
{"level":"info","message":" Incoming Request \u001b[34mPOST\u001b[39m \u001b[32m200\u001b[39m \u001b[35m/stripe/webhook\u001b[39m \u001b[93m3 ms\u001b[39m","size":"17","timestamp":"2026-08-08 12:13:16"}
{"level":"info","message":" Incoming Request \u001b[34mPOST\u001b[39m \u001b[32m200\u001b[39m \u001b[35m/stripe/webhook\u001b[39m \u001b[93m2 ms\u001b[39m","size":"17","timestamp":"2026-08-08 12:13:16"}
{"level":"info","message":" Incoming Request \u001b[34mPOST\u001b[39m \u001b[32m200\u001b[39m \u001b[35m/stripe/webhook\u001b[39m \u001b[93m1 ms\u001b[39m","size":"17","timestamp":"2026-08-08 12:13:16"}
{"level":"info","message":" Incoming Request \u001b[34mPOST\u001b[39m \u001b[32m200\u001b[39m \u001b[35m/stripe/webhook\u001b[39m \u001b[93m8 ms\u001b[39m","size":"17","timestamp":"2026-08-08 12:13:16"}
{"level":"info","message":" Incoming Request \u001b[34mPOST\u001b[39m \u001b[32m200\u001b[39m \u001b[35m/stripe/webhook\u001b[39m \u001b[93m1 ms\u001b[39m","size":"17","timestamp":"2026-08-08 12:13:16"}
{"level":"info","message":" Incoming Request \u001b[34mPOST\u001b[39m \u001b[32m200\u001b[39m \u001b[35m/stripe/webhook\u001b[39m \u001b[93m0 ms\u001b[39m","size":"17","timestamp":"2026-08-08 12:13:16"}
{"level":"info","message":" Incoming Request \u001b[34mPOST\u001b[39m \u001b[32m200\u001b[39m \u001b[35m/stripe/webhook\u001b[39m \u001b[93m4 ms\u001b[39m","size":"17","timestamp":"2026-08-08 12:13:16"}
{"level":"info","message":" Incoming Request \u001b[32mGET\u001b[39m \u001b[32m200\u001b[39m \u001b[35m/api/v1/notification/audience-stats\u001b[39m \u001b[93m11 ms\u001b[39m","size":"139","timestamp":"2026-08-08 12:13:27"}
{"level":"info","message":" Incoming Request \u001b[32mGET\u001b[39m \u001b[34m304\u001b[39m \u001b[35m/api/v1/user/my-profile\u001b[39m \u001b[93m11 ms\u001b[39m","size":0,"timestamp":"2026-08-08 12:13:27"}
{"level":"info","message":" Incoming Request \u001b[32mGET\u001b[39m \u001b[32m200\u001b[39m \u001b[35m/api/v1/dashboard/stats?range=6M\u001b[39m \u001b[93m78 ms\u001b[39m","size":"1302","timestamp":"2026-08-08 12:13:27"}
{"level":"info","message":" Incoming Request \u001b[32mGET\u001b[39m \u001b[32m200\u001b[39m \u001b[35m/api/v1/subscription/user/current\u001b[39m \u001b[93m10 ms\u001b[39m","size":"1443","timestamp":"2026-08-08 12:13:40"}
{"level":"info","message":" Incoming Request \u001b[34mPOST\u001b[39m \u001b[32m200\u001b[39m \u001b[35m/stripe/webhook\u001b[39m \u001b[93m1 ms\u001b[39m","size":"17","timestamp":"2026-08-08 12:14:13"}
{"level":"info","message":" Incoming Request \u001b[32mGET\u001b[39m \u001b[34m304\u001b[39m \u001b[35m/api/v1/signal\u001b[39m \u001b[93m10 ms\u001b[39m","size":0,"timestamp":"2026-08-08 12:26:12"}
{"level":"info","message":" Incoming Request \u001b[32mGET\u001b[39m \u001b[34m304\u001b[39m \u001b[35m/api/v1/subscription?includeDisabled=true\u001b[39m \u001b[93m7 ms\u001b[39m","size":0,"timestamp":"2026-08-08 12:26:39"}
{"level":"info","message":" Incoming Request \u001b[32mGET\u001b[39m \u001b[34m304\u001b[39m \u001b[35m/api/v1/post\u001b[39m \u001b[93m13 ms\u001b[39m","size":0,"timestamp":"2026-08-08 12:26:42"}
{"level":"info","message":" Incoming Request \u001b[32mGET\u001b[39m \u001b[34m304\u001b[39m \u001b[35m/api/v1/notification/audience-stats\u001b[39m \u001b[93m11 ms\u001b[39m","size":0,"timestamp":"2026-08-08 12:26:44"}
{"level":"info","message":" Incoming Request \u001b[32mGET\u001b[39m \u001b[32m200\u001b[39m \u001b[35m/api/v1/dashboard/stats?range=6M\u001b[39m \u001b[93m80 ms\u001b[39m","size":"1302","timestamp":"2026-08-08 12:26:44"}
{"level":"info","message":" Incoming Request \u001b[32mGET\u001b[39m \u001b[31m401\u001b[39m \u001b[35m/api/v1/signal/app/home\u001b[39m \u001b[93m3 ms\u001b[39m","size":"174","timestamp":"2026-08-08 12:30:13"}
{"level":"info","message":" Incoming Request \u001b[34mPOST\u001b[39m \u001b[32m200\u001b[39m \u001b[35m/api/v1/user/login\u001b[39m \u001b[93m226 ms\u001b[39m","size":"858","timestamp":"2026-08-08 12:30:46"}
{"level":"info","message":" Incoming Request \u001b[32mGET\u001b[39m \u001b[32m200\u001b[39m \u001b[35m/api/v1/signal/app/home\u001b[39m \u001b[93m14 ms\u001b[39m","size":"1275","timestamp":"2026-08-08 12:30:55"}
{"level":"info","message":" Incoming Request \u001b[32mGET\u001b[39m \u001b[34m304\u001b[39m \u001b[35m/api/v1/signal\u001b[39m \u001b[93m6 ms\u001b[39m","size":0,"timestamp":"2026-08-08 12:31:09"}
{"level":"info","message":" Incoming Request \u001b[32mGET\u001b[39m \u001b[34m304\u001b[39m \u001b[35m/api/v1/signal\u001b[39m \u001b[93m9 ms\u001b[39m","size":0,"timestamp":"2026-08-08 12:31:12"}
{"level":"info","message":" Incoming Request \u001b[32mGET\u001b[39m \u001b[34m304\u001b[39m \u001b[35m/api/v1/user/my-profile\u001b[39m \u001b[93m39 ms\u001b[39m","size":0,"timestamp":"2026-08-08 12:31:12"}
{"level":"info","message":" Incoming Request \u001b[32mGET\u001b[39m \u001b[34m304\u001b[39m \u001b[35m/api/v1/user/my-profile\u001b[39m \u001b[93m14 ms\u001b[39m","size":0,"timestamp":"2026-08-08 12:31:13"}
{"level":"info","message":" Incoming Request \u001b[32mGET\u001b[39m \u001b[34m304\u001b[39m \u001b[35m/api/v1/signal\u001b[39m \u001b[93m7 ms\u001b[39m","size":0,"timestamp":"2026-08-08 12:31:13"}
{"level":"info","message":" Incoming Request \u001b[32mGET\u001b[39m \u001b[34m304\u001b[39m \u001b[35m/api/v1/signal\u001b[39m \u001b[93m14 ms\u001b[39m","size":0,"timestamp":"2026-08-08 12:31:13"}
{"level":"info","message":" Incoming Request \u001b[32mGET\u001b[39m \u001b[34m304\u001b[39m \u001b[35m/api/v1/user/my-profile\u001b[39m \u001b[93m15 ms\u001b[39m","size":0,"timestamp":"2026-08-08 12:31:13"}
{"level":"info","message":" Incoming Request \u001b[32mGET\u001b[39m \u001b[32m200\u001b[39m \u001b[35m/api/v1/signal/app?category=All&search=&scope=live\u001b[39m \u001b[93m9 ms\u001b[39m","size":"471","timestamp":"2026-08-08 12:32:04"}
{"level":"info","message":" Incoming Request \u001b[32mGET\u001b[39m \u001b[32m200\u001b[39m \u001b[35m/api/v1/subscription/user/access\u001b[39m \u001b[93m18 ms\u001b[39m","size":"687","timestamp":"2026-08-08 12:33:44"}
{"level":"info","message":" Incoming Request \u001b[32mGET\u001b[39m \u001b[32m200\u001b[39m \u001b[35m/api/v1/signal/app?category=Crypto&scope=live\u001b[39m \u001b[93m7 ms\u001b[39m","size":"474","timestamp":"2026-08-08 12:33:58"}
{"level":"info","message":" Incoming Request \u001b[32mGET\u001b[39m \u001b[34m304\u001b[39m \u001b[35m/api/v1/subscription?includeDisabled=true\u001b[39m \u001b[93m4 ms\u001b[39m","size":0,"timestamp":"2026-08-08 12:35:02"}
{"level":"info","message":" Incoming Request \u001b[32mGET\u001b[39m \u001b[34m304\u001b[39m \u001b[35m/api/v1/subscription/trial-config\u001b[39m \u001b[93m10 ms\u001b[39m","size":0,"timestamp":"2026-08-08 12:35:02"}
{"level":"info","message":" Incoming Request \u001b[32mGET\u001b[39m \u001b[32m200\u001b[39m \u001b[35m/api/v1/signal?status=Active\u001b[39m \u001b[93m4 ms\u001b[39m","size":"86","timestamp":"2026-08-08 12:35:04"}
{"level":"info","message":" Incoming Request \u001b[32mGET\u001b[39m \u001b[32m200\u001b[39m \u001b[35m/api/v1/signal?status=Draft\u001b[39m \u001b[93m7 ms\u001b[39m","size":"86","timestamp":"2026-08-08 12:35:04"}
{"level":"info","message":" Incoming Request \u001b[32mGET\u001b[39m \u001b[32m200\u001b[39m \u001b[35m/api/v1/signal?status=Scheduled\u001b[39m \u001b[93m4 ms\u001b[39m","size":"86","timestamp":"2026-08-08 12:35:05"}
{"level":"info","message":" Incoming Request \u001b[32mGET\u001b[39m \u001b[32m200\u001b[39m \u001b[35m/api/v1/signal?status=Closed\u001b[39m \u001b[93m7 ms\u001b[39m","size":"86","timestamp":"2026-08-08 12:35:05"}
{"level":"info","message":" Incoming Request \u001b[32mGET\u001b[39m \u001b[34m304\u001b[39m \u001b[35m/api/v1/signal?status=Active\u001b[39m \u001b[93m7 ms\u001b[39m","size":0,"timestamp":"2026-08-08 12:36:33"}
{"level":"info","message":" Incoming Request \u001b[32mGET\u001b[39m \u001b[34m304\u001b[39m \u001b[35m/api/v1/signal\u001b[39m \u001b[93m7 ms\u001b[39m","size":0,"timestamp":"2026-08-08 12:36:34"}
{"level":"info","message":" Incoming Request \u001b[32mGET\u001b[39m \u001b[34m304\u001b[39m \u001b[35m/api/v1/signal?status=Draft\u001b[39m \u001b[93m11 ms\u001b[39m","size":0,"timestamp":"2026-08-08 12:36:37"}
{"level":"info","message":" Incoming Request \u001b[32mGET\u001b[39m \u001b[34m304\u001b[39m \u001b[35m/api/v1/signal?status=Scheduled\u001b[39m \u001b[93m4 ms\u001b[39m","size":0,"timestamp":"2026-08-08 12:36:37"}
{"level":"info","message":" Incoming Request \u001b[32mGET\u001b[39m \u001b[34m304\u001b[39m \u001b[35m/api/v1/user/my-profile\u001b[39m \u001b[93m12 ms\u001b[39m","size":0,"timestamp":"2026-08-08 12:38:27"}
{"level":"info","message":" Incoming Request \u001b[32mGET\u001b[39m \u001b[34m304\u001b[39m \u001b[35m/api/v1/signal\u001b[39m \u001b[93m10 ms\u001b[39m","size":0,"timestamp":"2026-08-08 12:38:27"}
{"level":"info","message":" Incoming Request \u001b[34mPOST\u001b[39m \u001b[32m201\u001b[39m \u001b[35m/api/v1/signal/create\u001b[39m \u001b[93m27 ms\u001b[39m","size":"347","timestamp":"2026-08-08 12:46:49"}
{"level":"info","message":" Incoming Request \u001b[32mGET\u001b[39m \u001b[32m200\u001b[39m \u001b[35m/api/v1/signal\u001b[39m \u001b[93m7 ms\u001b[39m","size":"352","timestamp":"2026-08-08 12:46:49"}
{"level":"info","message":" Incoming Request \u001b[34mPOST\u001b[39m \u001b[32m200\u001b[39m \u001b[35m/api/v1/signal/6a76d0d94f448a85344cf196/close\u001b[39m \u001b[93m8 ms\u001b[39m","size":"381","timestamp":"2026-08-08 12:47:10"}
{"level":"info","message":" Incoming Request \u001b[32mGET\u001b[39m \u001b[32m200\u001b[39m \u001b[35m/api/v1/signal\u001b[39m \u001b[93m5 ms\u001b[39m","size":"387","timestamp":"2026-08-08 12:47:10"}
{"level":"info","message":" Incoming Request \u001b[34mPOST\u001b[39m \u001b[32m200\u001b[39m \u001b[35m/api/v1/signal/6a76d0d94f448a85344cf196/archive\u001b[39m \u001b[93m8 ms\u001b[39m","size":"385","timestamp":"2026-08-08 12:47:14"}
{"level":"info","message":" Incoming Request \u001b[32mGET\u001b[39m \u001b[32m200\u001b[39m \u001b[35m/api/v1/signal\u001b[39m \u001b[93m4 ms\u001b[39m","size":"86","timestamp":"2026-08-08 12:47:14"}
{"level":"info","message":" Incoming Request \u001b[32mGET\u001b[39m \u001b[34m304\u001b[39m \u001b[35m/api/v1/signal\u001b[39m \u001b[93m7 ms\u001b[39m","size":0,"timestamp":"2026-08-08 12:47:18"}
{"level":"info","message":" Incoming Request \u001b[32mGET\u001b[39m \u001b[34m304\u001b[39m \u001b[35m/api/v1/user/my-profile\u001b[39m \u001b[93m6 ms\u001b[39m","size":0,"timestamp":"2026-08-08 12:47:18"}
{"level":"info","message":" Incoming Request \u001b[32mGET\u001b[39m \u001b[34m304\u001b[39m \u001b[35m/api/v1/signal?status=Active\u001b[39m \u001b[93m8 ms\u001b[39m","size":0,"timestamp":"2026-08-08 12:47:59"}
{"level":"info","message":" Incoming Request \u001b[32mGET\u001b[39m \u001b[34m304\u001b[39m \u001b[35m/api/v1/signal?status=Draft\u001b[39m \u001b[93m5 ms\u001b[39m","size":0,"timestamp":"2026-08-08 12:48:00"}
{"level":"info","message":" Incoming Request \u001b[32mGET\u001b[39m \u001b[34m304\u001b[39m \u001b[35m/api/v1/signal?status=Scheduled\u001b[39m \u001b[93m4 ms\u001b[39m","size":0,"timestamp":"2026-08-08 12:48:01"}
{"level":"info","message":" Incoming Request \u001b[32mGET\u001b[39m \u001b[34m304\u001b[39m \u001b[35m/api/v1/signal?status=Closed\u001b[39m \u001b[93m6 ms\u001b[39m","size":0,"timestamp":"2026-08-08 12:48:02"}
{"level":"info","message":" Incoming Request \u001b[32mGET\u001b[39m \u001b[34m304\u001b[39m \u001b[35m/api/v1/signal\u001b[39m \u001b[93m11 ms\u001b[39m","size":0,"timestamp":"2026-08-08 12:48:06"}
{"level":"info","message":" Incoming Request \u001b[32mGET\u001b[39m \u001b[34m304\u001b[39m \u001b[35m/api/v1/user/my-profile\u001b[39m \u001b[93m7 ms\u001b[39m","size":0,"timestamp":"2026-08-08 12:48:06"}
{"level":"info","message":" Incoming Request \u001b[32mGET\u001b[39m \u001b[34m304\u001b[39m \u001b[35m/api/v1/post\u001b[39m \u001b[93m9 ms\u001b[39m","size":0,"timestamp":"2026-08-08 12:48:14"}
{"level":"info","message":" Incoming Request \u001b[32mGET\u001b[39m \u001b[34m304\u001b[39m \u001b[35m/api/v1/subscription?includeDisabled=true\u001b[39m \u001b[93m5 ms\u001b[39m","size":0,"timestamp":"2026-08-08 12:48:17"}
{"level":"info","message":" Incoming Request \u001b[32mGET\u001b[39m \u001b[34m304\u001b[39m \u001b[35m/api/v1/subscription/trial-config\u001b[39m \u001b[93m10 ms\u001b[39m","size":0,"timestamp":"2026-08-08 12:48:17"}
{"level":"info","message":" Incoming Request \u001b[32mGET\u001b[39m \u001b[32m200\u001b[39m \u001b[35m/api/v1/user/all-user?page=1&limit=10\u001b[39m \u001b[93m13 ms\u001b[39m","size":"718","timestamp":"2026-08-08 12:48:18"}
{"level":"info","message":" Incoming Request \u001b[32mGET\u001b[39m \u001b[34m304\u001b[39m \u001b[35m/api/v1/notification/audience-stats\u001b[39m \u001b[93m16 ms\u001b[39m","size":0,"timestamp":"2026-08-08 12:48:27"}
{"level":"info","message":" Incoming Request \u001b[32mGET\u001b[39m \u001b[32m200\u001b[39m \u001b[35m/api/v1/dashboard/stats?range=6M\u001b[39m \u001b[93m153 ms\u001b[39m","size":"1302","timestamp":"2026-08-08 12:48:27"}
{"level":"info","message":" Incoming Request \u001b[32mGET\u001b[39m \u001b[34m304\u001b[39m \u001b[35m/api/v1/notification\u001b[39m \u001b[93m14 ms\u001b[39m","size":0,"timestamp":"2026-08-08 12:48:46"}
{"level":"info","message":" Incoming Request \u001b[32mGET\u001b[39m \u001b[32m200\u001b[39m \u001b[35m/api/v1/signal\u001b[39m \u001b[93m24 ms\u001b[39m","size":"5234","timestamp":"2026-08-08 12:49:22"}
{"level":"info","message":" Incoming Request \u001b[32mGET\u001b[39m \u001b[34m304\u001b[39m \u001b[35m/api/v1/signal\u001b[39m \u001b[93m7 ms\u001b[39m","size":0,"timestamp":"2026-08-08 12:49:58"}
{"level":"info","message":" Incoming Request \u001b[32mGET\u001b[39m \u001b[34m304\u001b[39m \u001b[35m/api/v1/user/my-profile\u001b[39m \u001b[93m10 ms\u001b[39m","size":0,"timestamp":"2026-08-08 12:49:58"}
{"level":"info","message":" Incoming Request \u001b[32mGET\u001b[39m \u001b[34m304\u001b[39m \u001b[35m/api/v1/user/my-profile\u001b[39m \u001b[93m8 ms\u001b[39m","size":0,"timestamp":"2026-08-08 12:50:09"}
{"level":"info","message":" Incoming Request \u001b[32mGET\u001b[39m \u001b[34m304\u001b[39m \u001b[35m/api/v1/signal\u001b[39m \u001b[93m8 ms\u001b[39m","size":0,"timestamp":"2026-08-08 12:50:09"}
{"level":"info","message":" Incoming Request \u001b[32mGET\u001b[39m \u001b[34m304\u001b[39m \u001b[35m/api/v1/user/my-profile\u001b[39m \u001b[93m10 ms\u001b[39m","size":0,"timestamp":"2026-08-08 12:50:44"}
{"level":"info","message":" Incoming Request \u001b[32mGET\u001b[39m \u001b[34m304\u001b[39m \u001b[35m/api/v1/signal\u001b[39m \u001b[93m11 ms\u001b[39m","size":0,"timestamp":"2026-08-08 12:50:44"}
{"level":"info","message":" Incoming Request \u001b[32mGET\u001b[39m \u001b[34m304\u001b[39m \u001b[35m/api/v1/signal\u001b[39m \u001b[93m8 ms\u001b[39m","size":0,"timestamp":"2026-08-08 12:51:14"}
{"level":"info","message":" Incoming Request \u001b[32mGET\u001b[39m \u001b[34m304\u001b[39m \u001b[35m/api/v1/user/my-profile\u001b[39m \u001b[93m9 ms\u001b[39m","size":0,"timestamp":"2026-08-08 12:51:14"}
{"level":"info","message":" Incoming Request \u001b[32mGET\u001b[39m \u001b[32m200\u001b[39m \u001b[35m/api/v1/signal?status=Closed\u001b[39m \u001b[93m5 ms\u001b[39m","size":"2147","timestamp":"2026-08-08 12:52:18"}
{"level":"info","message":" Incoming Request \u001b[32mGET\u001b[39m \u001b[34m304\u001b[39m \u001b[35m/api/v1/signal\u001b[39m \u001b[93m26 ms\u001b[39m","size":0,"timestamp":"2026-08-08 12:52:23"}
{"level":"info","message":" Incoming Request \u001b[32mGET\u001b[39m \u001b[34m304\u001b[39m \u001b[35m/api/v1/user/my-profile\u001b[39m \u001b[93m30 ms\u001b[39m","size":0,"timestamp":"2026-08-08 12:52:23"}
{"level":"info","message":" Incoming Request \u001b[32mGET\u001b[39m \u001b[34m304\u001b[39m \u001b[35m/api/v1/user/my-profile\u001b[39m \u001b[93m20 ms\u001b[39m","size":0,"timestamp":"2026-08-08 12:52:24"}
{"level":"info","message":" Incoming Request \u001b[32mGET\u001b[39m \u001b[34m304\u001b[39m \u001b[35m/api/v1/notification/audience-stats\u001b[39m \u001b[93m40 ms\u001b[39m","size":0,"timestamp":"2026-08-08 12:52:24"}
{"level":"info","message":" Incoming Request \u001b[32mGET\u001b[39m \u001b[32m200\u001b[39m \u001b[35m/api/v1/dashboard/stats?range=6M\u001b[39m \u001b[93m164 ms\u001b[39m","size":"1823","timestamp":"2026-08-08 12:52:24"}
{"level":"info","message":" Incoming Request \u001b[32mGET\u001b[39m \u001b[34m304\u001b[39m \u001b[35m/api/v1/signal\u001b[39m \u001b[93m22 ms\u001b[39m","size":0,"timestamp":"2026-08-08 12:52:25"}
{"level":"info","message":" Incoming Request \u001b[32mGET\u001b[39m \u001b[34m304\u001b[39m \u001b[35m/api/v1/user/my-profile\u001b[39m \u001b[93m25 ms\u001b[39m","size":0,"timestamp":"2026-08-08 12:52:25"}
{"level":"info","message":" Incoming Request \u001b[32mGET\u001b[39m \u001b[34m304\u001b[39m \u001b[35m/api/v1/signal\u001b[39m \u001b[93m39 ms\u001b[39m","size":0,"timestamp":"2026-08-08 12:52:28"}
{"level":"info","message":" Incoming Request \u001b[32mGET\u001b[39m \u001b[34m304\u001b[39m \u001b[35m/api/v1/user/my-profile\u001b[39m \u001b[93m42 ms\u001b[39m","size":0,"timestamp":"2026-08-08 12:52:28"}
{"level":"info","message":" Incoming Request \u001b[32mGET\u001b[39m \u001b[32m200\u001b[39m \u001b[35m/api/v1/signal?status=Active\u001b[39m \u001b[93m6 ms\u001b[39m","size":"1889","timestamp":"2026-08-08 12:53:47"}
{"level":"info","message":" Incoming Request \u001b[32mGET\u001b[39m \u001b[34m304\u001b[39m \u001b[35m/api/v1/user/my-profile\u001b[39m \u001b[93m9 ms\u001b[39m","size":0,"timestamp":"2026-08-08 12:54:05"}
{"level":"info","message":" Incoming Request \u001b[32mGET\u001b[39m \u001b[34m304\u001b[39m \u001b[35m/api/v1/signal\u001b[39m \u001b[93m10 ms\u001b[39m","size":0,"timestamp":"2026-08-08 12:54:05"}
{"level":"info","message":" Incoming Request \u001b[32mGET\u001b[39m \u001b[34m304\u001b[39m \u001b[35m/api/v1/user/my-profile\u001b[39m \u001b[93m15 ms\u001b[39m","size":0,"timestamp":"2026-08-08 12:54:05"}
{"level":"info","message":" Incoming Request \u001b[32mGET\u001b[39m \u001b[34m304\u001b[39m \u001b[35m/api/v1/notification/audience-stats\u001b[39m \u001b[93m47 ms\u001b[39m","size":0,"timestamp":"2026-08-08 12:54:05"}
{"level":"info","message":" Incoming Request \u001b[32mGET\u001b[39m \u001b[32m200\u001b[39m \u001b[35m/api/v1/dashboard/stats?range=6M\u001b[39m \u001b[93m139 ms\u001b[39m","size":"1823","timestamp":"2026-08-08 12:54:05"}
{"level":"info","message":" Incoming Request \u001b[32mGET\u001b[39m \u001b[34m304\u001b[39m \u001b[35m/api/v1/signal?status=Closed\u001b[39m \u001b[93m5 ms\u001b[39m","size":0,"timestamp":"2026-08-08 12:54:29"}
{"level":"info","message":" Incoming Request \u001b[32mGET\u001b[39m \u001b[32m200\u001b[39m \u001b[35m/api/v1/signal?status=Scheduled\u001b[39m \u001b[93m8 ms\u001b[39m","size":"766","timestamp":"2026-08-08 12:54:32"}
{"level":"info","message":" Incoming Request \u001b[32mGET\u001b[39m \u001b[32m200\u001b[39m \u001b[35m/api/v1/signal?status=Draft\u001b[39m \u001b[93m6 ms\u001b[39m","size":"687","timestamp":"2026-08-08 12:54:35"}
{"level":"info","message":" Incoming Request \u001b[32mGET\u001b[39m \u001b[34m304\u001b[39m \u001b[35m/api/v1/signal?status=Active\u001b[39m \u001b[93m6 ms\u001b[39m","size":0,"timestamp":"2026-08-08 12:54:36"}
{"level":"info","message":" Incoming Request \u001b[32mGET\u001b[39m \u001b[34m304\u001b[39m \u001b[35m/api/v1/post\u001b[39m \u001b[93m7 ms\u001b[39m","size":0,"timestamp":"2026-08-08 12:54:50"}
{"level":"info","message":" Incoming Request \u001b[32mGET\u001b[39m \u001b[34m304\u001b[39m \u001b[35m/api/v1/post\u001b[39m \u001b[93m6 ms\u001b[39m","size":0,"timestamp":"2026-08-08 12:54:51"}
{"level":"info","message":" Incoming Request \u001b[32mGET\u001b[39m \u001b[34m304\u001b[39m \u001b[35m/api/v1/user/all-user?page=1&limit=10\u001b[39m \u001b[93m13 ms\u001b[39m","size":0,"timestamp":"2026-08-08 12:54:54"}
{"level":"info","message":" Incoming Request \u001b[32mGET\u001b[39m \u001b[32m200\u001b[39m \u001b[35m/api/v1/coupon\u001b[39m \u001b[93m6 ms\u001b[39m","size":"363","timestamp":"2026-08-08 12:54:56"}
{"level":"info","message":" Incoming Request \u001b[32mGET\u001b[39m \u001b[34m304\u001b[39m \u001b[35m/api/v1/subscription?includeDisabled=true\u001b[39m \u001b[93m6 ms\u001b[39m","size":0,"timestamp":"2026-08-08 12:55:23"}
{"level":"info","message":" Incoming Request \u001b[32mGET\u001b[39m \u001b[34m304\u001b[39m \u001b[35m/api/v1/subscription/trial-config\u001b[39m \u001b[93m13 ms\u001b[39m","size":0,"timestamp":"2026-08-08 12:55:23"}
{"level":"info","message":" Incoming Request \u001b[32mGET\u001b[39m \u001b[34m304\u001b[39m \u001b[35m/api/v1/notification\u001b[39m \u001b[93m7 ms\u001b[39m","size":0,"timestamp":"2026-08-08 12:55:24"}
{"level":"info","message":" Incoming Request \u001b[32mGET\u001b[39m \u001b[34m304\u001b[39m \u001b[35m/api/v1/notification/audience-stats\u001b[39m \u001b[93m8 ms\u001b[39m","size":0,"timestamp":"2026-08-08 12:55:24"}
{"level":"info","message":" Incoming Request \u001b[32mGET\u001b[39m \u001b[32m200\u001b[39m \u001b[35m/api/v1/dashboard/stats?range=6M\u001b[39m \u001b[93m64 ms\u001b[39m","size":"1823","timestamp":"2026-08-08 12:55:32"}
{"level":"info","message":" Incoming Request \u001b[32mGET\u001b[39m \u001b[34m304\u001b[39m \u001b[35m/api/v1/signal\u001b[39m \u001b[93m6 ms\u001b[39m","size":0,"timestamp":"2026-08-08 12:56:49"}
{"level":"info","message":" Incoming Request \u001b[34mPOST\u001b[39m \u001b[32m200\u001b[39m \u001b[35m/api/v1/signal/6a76d15e65b1e20b8d0ec151/publish\u001b[39m \u001b[93m9 ms\u001b[39m","size":"416","timestamp":"2026-08-08 14:17:21"}
{"level":"info","message":" Incoming Request \u001b[32mGET\u001b[39m \u001b[32m200\u001b[39m \u001b[35m/api/v1/signal\u001b[39m \u001b[93m11 ms\u001b[39m","size":"5231","timestamp":"2026-08-08 14:17:21"}
{"level":"info","message":" Incoming Request \u001b[32mGET\u001b[39m \u001b[34m304\u001b[39m \u001b[35m/api/v1/signal\u001b[39m \u001b[93m8 ms\u001b[39m","size":0,"timestamp":"2026-08-08 14:17:28"}
{"level":"info","message":" Incoming Request \u001b[32mGET\u001b[39m \u001b[34m304\u001b[39m \u001b[35m/api/v1/user/my-profile\u001b[39m \u001b[93m7 ms\u001b[39m","size":0,"timestamp":"2026-08-08 14:17:28"}
{"level":"info","message":" Incoming Request \u001b[32mGET\u001b[39m \u001b[34m304\u001b[39m \u001b[35m/api/v1/post\u001b[39m \u001b[93m5 ms\u001b[39m","size":0,"timestamp":"2026-08-08 14:17:31"}
{"level":"info","message":" Incoming Request \u001b[32mGET\u001b[39m \u001b[34m304\u001b[39m \u001b[35m/api/v1/subscription?includeDisabled=true\u001b[39m \u001b[93m3 ms\u001b[39m","size":0,"timestamp":"2026-08-08 14:19:45"}
{"level":"info","message":" Incoming Request \u001b[32mGET\u001b[39m \u001b[34m304\u001b[39m \u001b[35m/api/v1/subscription/trial-config\u001b[39m \u001b[93m7 ms\u001b[39m","size":0,"timestamp":"2026-08-08 14:19:45"}
{"level":"info","message":" Incoming Request \u001b[32mGET\u001b[39m \u001b[34m304\u001b[39m \u001b[35m/api/v1/notification/audience-stats\u001b[39m \u001b[93m13 ms\u001b[39m","size":0,"timestamp":"2026-08-08 14:19:49"}
{"level":"info","message":" Incoming Request \u001b[32mGET\u001b[39m \u001b[34m304\u001b[39m \u001b[35m/api/v1/notification\u001b[39m \u001b[93m11 ms\u001b[39m","size":0,"timestamp":"2026-08-08 14:19:49"}
{"level":"info","message":" Incoming Request \u001b[34mPOST\u001b[39m \u001b[33m500\u001b[39m \u001b[35m/api/v1/notification/send\u001b[39m \u001b[93m13 ms\u001b[39m","size":"216","timestamp":"2026-08-08 14:20:20"}
{"level":"info","message":" Incoming Request \u001b[32mGET\u001b[39m \u001b[34m304\u001b[39m \u001b[35m/api/v1/notification\u001b[39m \u001b[93m14 ms\u001b[39m","size":0,"timestamp":"2026-08-08 14:20:21"}
{"level":"info","message":" Incoming Request \u001b[32mGET\u001b[39m \u001b[34m304\u001b[39m \u001b[35m/api/v1/notification/audience-stats\u001b[39m \u001b[93m14 ms\u001b[39m","size":0,"timestamp":"2026-08-08 14:20:21"}
{"level":"info","message":" Incoming Request \u001b[34mPOST\u001b[39m \u001b[32m201\u001b[39m \u001b[35m/api/v1/notification/send\u001b[39m \u001b[93m10 ms\u001b[39m","size":"268","timestamp":"2026-08-08 14:20:37"}
{"level":"info","message":" Incoming Request \u001b[32mGET\u001b[39m \u001b[34m304\u001b[39m \u001b[35m/api/v1/notification/audience-stats\u001b[39m \u001b[93m7 ms\u001b[39m","size":0,"timestamp":"2026-08-08 14:20:37"}
{"level":"info","message":" Incoming Request \u001b[32mGET\u001b[39m \u001b[32m200\u001b[39m \u001b[35m/api/v1/notification\u001b[39m \u001b[93m7 ms\u001b[39m","size":"276","timestamp":"2026-08-08 14:20:37"}
{"level":"info","message":" Incoming Request \u001b[34mPOST\u001b[39m \u001b[32m201\u001b[39m \u001b[35m/api/v1/notification/schedule\u001b[39m \u001b[93m5 ms\u001b[39m","size":"313","timestamp":"2026-08-08 14:21:13"}
{"level":"info","message":" Incoming Request \u001b[32mGET\u001b[39m \u001b[34m304\u001b[39m \u001b[35m/api/v1/notification/audience-stats\u001b[39m \u001b[93m9 ms\u001b[39m","size":0,"timestamp":"2026-08-08 14:21:13"}
{"level":"info","message":" Incoming Request \u001b[32mGET\u001b[39m \u001b[32m200\u001b[39m \u001b[35m/api/v1/notification\u001b[39m \u001b[93m8 ms\u001b[39m","size":"501","timestamp":"2026-08-08 14:21:13"}
{"level":"info","message":" Incoming Request \u001b[32mGET\u001b[39m \u001b[34m304\u001b[39m \u001b[35m/api/v1/notification\u001b[39m \u001b[93m4 ms\u001b[39m","size":0,"timestamp":"2026-08-08 14:21:18"}
{"level":"info","message":" Incoming Request \u001b[33mPATCH\u001b[39m \u001b[32m200\u001b[39m \u001b[35m/api/v1/notification/6a76e6f93722aa67bbe11096\u001b[39m \u001b[93m11 ms\u001b[39m","size":"311","timestamp":"2026-08-08 14:21:23"}
{"level":"info","message":" Incoming Request \u001b[32mGET\u001b[39m \u001b[34m304\u001b[39m \u001b[35m/api/v1/notification/audience-stats\u001b[39m \u001b[93m7 ms\u001b[39m","size":0,"timestamp":"2026-08-08 14:21:23"}
{"level":"info","message":" Incoming Request \u001b[32mGET\u001b[39m \u001b[34m304\u001b[39m \u001b[35m/api/v1/notification\u001b[39m \u001b[93m6 ms\u001b[39m","size":0,"timestamp":"2026-08-08 14:21:23"}
{"level":"info","message":" Incoming Request \u001b[32mGET\u001b[39m \u001b[32m200\u001b[39m \u001b[35m/api/v1/management/privacy\u001b[39m \u001b[93m4 ms\u001b[39m","size":"236","timestamp":"2026-08-08 14:22:39"}
{"level":"info","message":" Incoming Request \u001b[32mGET\u001b[39m \u001b[32m200\u001b[39m \u001b[35m/api/v1/management/terms\u001b[39m \u001b[93m2 ms\u001b[39m","size":"99","timestamp":"2026-08-08 14:22:40"}
{"level":"info","message":" Incoming Request \u001b[32mGET\u001b[39m \u001b[32m200\u001b[39m \u001b[35m/api/v1/management/about\u001b[39m \u001b[93m2 ms\u001b[39m","size":"99","timestamp":"2026-08-08 14:22:40"}
{"level":"info","message":" Incoming Request \u001b[32mGET\u001b[39m \u001b[34m304\u001b[39m \u001b[35m/api/v1/user/all-user?page=1&limit=10\u001b[39m \u001b[93m10 ms\u001b[39m","size":0,"timestamp":"2026-08-08 14:22:48"}
{"level":"info","message":" Incoming Request \u001b[32mGET\u001b[39m \u001b[34m304\u001b[39m \u001b[35m/api/v1/subscription?includeDisabled=true\u001b[39m \u001b[93m2 ms\u001b[39m","size":0,"timestamp":"2026-08-08 14:22:48"}
{"level":"info","message":" Incoming Request \u001b[32mGET\u001b[39m \u001b[34m304\u001b[39m \u001b[35m/api/v1/subscription/trial-config\u001b[39m \u001b[93m6 ms\u001b[39m","size":0,"timestamp":"2026-08-08 14:22:48"}
{"level":"info","message":" Incoming Request \u001b[32mGET\u001b[39m \u001b[32m200\u001b[39m \u001b[35m/api/v1/dashboard/stats?range=6M\u001b[39m \u001b[93m69 ms\u001b[39m","size":"1808","timestamp":"2026-08-08 14:22:55"}
{"level":"info","message":" Incoming Request \u001b[32mGET\u001b[39m \u001b[34m304\u001b[39m \u001b[35m/api/v1/signal\u001b[39m \u001b[93m6 ms\u001b[39m","size":0,"timestamp":"2026-08-08 14:23:18"}
{"level":"info","message":" Incoming Request \u001b[32mGET\u001b[39m \u001b[34m304\u001b[39m \u001b[35m/api/v1/signal?status=Closed\u001b[39m \u001b[93m9 ms\u001b[39m","size":0,"timestamp":"2026-08-08 14:23:23"}
{"level":"info","message":" Incoming Request \u001b[31mDELETE\u001b[39m \u001b[32m200\u001b[39m \u001b[35m/api/v1/signal/6a76d15e65b1e20b8d0ec158\u001b[39m \u001b[93m20 ms\u001b[39m","size":"85","timestamp":"2026-08-08 14:23:27"}
{"level":"info","message":" Incoming Request \u001b[32mGET\u001b[39m \u001b[32m200\u001b[39m \u001b[35m/api/v1/signal?status=Closed\u001b[39m \u001b[93m16 ms\u001b[39m","size":"1802","timestamp":"2026-08-08 14:23:27"}
{"level":"info","message":" Incoming Request \u001b[31mDELETE\u001b[39m \u001b[32m200\u001b[39m \u001b[35m/api/v1/signal/6a76d15e65b1e20b8d0ec154\u001b[39m \u001b[93m15 ms\u001b[39m","size":"85","timestamp":"2026-08-08 14:23:30"}
{"level":"info","message":" Incoming Request \u001b[32mGET\u001b[39m \u001b[32m200\u001b[39m \u001b[35m/api/v1/signal?status=Closed\u001b[39m \u001b[93m7 ms\u001b[39m","size":"1461","timestamp":"2026-08-08 14:23:30"}
{"level":"info","message":" Incoming Request \u001b[31mDELETE\u001b[39m \u001b[32m200\u001b[39m \u001b[35m/api/v1/signal/6a76d15e65b1e20b8d0ec156\u001b[39m \u001b[93m6 ms\u001b[39m","size":"85","timestamp":"2026-08-08 14:23:33"}
{"level":"info","message":" Incoming Request \u001b[32mGET\u001b[39m \u001b[32m200\u001b[39m \u001b[35m/api/v1/signal?status=Closed\u001b[39m \u001b[93m8 ms\u001b[39m","size":"1114","timestamp":"2026-08-08 14:23:33"}
{"level":"info","message":" Incoming Request \u001b[32mGET\u001b[39m \u001b[32m200\u001b[39m \u001b[35m/api/v1/signal?status=Scheduled\u001b[39m \u001b[93m4 ms\u001b[39m","size":"429","timestamp":"2026-08-08 14:23:34"}
{"level":"info","message":" Incoming Request \u001b[32mGET\u001b[39m \u001b[34m304\u001b[39m \u001b[35m/api/v1/signal?status=Draft\u001b[39m \u001b[93m8 ms\u001b[39m","size":0,"timestamp":"2026-08-08 14:23:36"}
{"level":"info","message":" Incoming Request \u001b[32mGET\u001b[39m \u001b[32m200\u001b[39m \u001b[35m/api/v1/signal?status=Active\u001b[39m \u001b[93m6 ms\u001b[39m","size":"2223","timestamp":"2026-08-08 14:23:38"}
{"level":"info","message":" Incoming Request \u001b[32mGET\u001b[39m \u001b[32m200\u001b[39m \u001b[35m/api/v1/signal\u001b[39m \u001b[93m7 ms\u001b[39m","size":"4198","timestamp":"2026-08-08 14:23:46"}
{"level":"info","message":" Incoming Request \u001b[32mGET\u001b[39m \u001b[32m200\u001b[39m \u001b[35m/api/v1/dashboard/stats?range=6M\u001b[39m \u001b[93m63 ms\u001b[39m","size":"1807","timestamp":"2026-08-08 14:23:47"}
{"level":"info","message":" Incoming Request \u001b[32mGET\u001b[39m \u001b[34m304\u001b[39m \u001b[35m/api/v1/notification\u001b[39m \u001b[93m6 ms\u001b[39m","size":0,"timestamp":"2026-08-08 14:24:05"}
{"level":"info","message":" Incoming Request \u001b[32mGET\u001b[39m \u001b[34m304\u001b[39m \u001b[35m/api/v1/subscription?includeDisabled=true\u001b[39m \u001b[93m4 ms\u001b[39m","size":0,"timestamp":"2026-08-08 14:24:14"}
{"level":"info","message":" Incoming Request \u001b[32mGET\u001b[39m \u001b[34m304\u001b[39m \u001b[35m/api/v1/subscription/trial-config\u001b[39m \u001b[93m6 ms\u001b[39m","size":0,"timestamp":"2026-08-08 14:24:14"}
{"level":"info","message":" Incoming Request \u001b[32mGET\u001b[39m \u001b[32m200\u001b[39m \u001b[35m/api/v1/subscription\u001b[39m \u001b[93m5 ms\u001b[39m","size":"2406","timestamp":"2026-08-08 14:31:07"}
{"level":"info","message":" Incoming Request \u001b[32mGET\u001b[39m \u001b[34m304\u001b[39m \u001b[35m/api/v1/signal\u001b[39m \u001b[93m11 ms\u001b[39m","size":0,"timestamp":"2026-08-08 14:31:12"}
{"level":"info","message":" Incoming Request \u001b[32mGET\u001b[39m \u001b[31m401\u001b[39m \u001b[35m/api/v1/signal/app/market-hours\u001b[39m \u001b[93m3 ms\u001b[39m","size":"174","timestamp":"2026-08-08 14:41:57"}
{"level":"info","message":" Incoming Request \u001b[34mPOST\u001b[39m \u001b[32m200\u001b[39m \u001b[35m/api/v1/user/login\u001b[39m \u001b[93m226 ms\u001b[39m","size":"858","timestamp":"2026-08-08 14:42:30"}
{"level":"info","message":" Incoming Request \u001b[32mGET\u001b[39m \u001b[32m200\u001b[39m \u001b[35m/api/v1/signal/app/market-hours\u001b[39m \u001b[93m19 ms\u001b[39m","size":"680","timestamp":"2026-08-08 14:42:38"}
{"level":"info","message":" Incoming Request \u001b[32mGET\u001b[39m \u001b[32m200\u001b[39m \u001b[35m/api/v1/subscription/user/access\u001b[39m \u001b[93m23 ms\u001b[39m","size":"687","timestamp":"2026-08-08 14:43:21"}
{"level":"info","message":" Incoming Request \u001b[32mGET\u001b[39m \u001b[32m200\u001b[39m \u001b[35m/api/v1/signal/app?category=All&searchTerm=&sort=-publishedAt&page=1&limit=10\u001b[39m \u001b[93m22 ms\u001b[39m","size":"3693","timestamp":"2026-08-08 14:43:57"}
{"level":"info","message":" Incoming Request \u001b[32mGET\u001b[39m \u001b[32m200\u001b[39m \u001b[35m/api/v1/signal/app?category=Forex&searchTerm=&sort=-publishedAt&page=1&limit=10\u001b[39m \u001b[93m9 ms\u001b[39m","size":"1852","timestamp":"2026-08-08 14:44:12"}
{"level":"info","message":" Incoming Request \u001b[32mGET\u001b[39m \u001b[32m200\u001b[39m \u001b[35m/api/v1/signal/app?category=Forex&searchTerm=hkjh&sort=-publishedAt&page=1&limit=10\u001b[39m \u001b[93m7 ms\u001b[39m","size":"477","timestamp":"2026-08-08 14:44:19"}
{"level":"info","message":" Incoming Request \u001b[32mGET\u001b[39m \u001b[32m200\u001b[39m \u001b[35m/api/v1/subscription/user/current\u001b[39m \u001b[93m19 ms\u001b[39m","size":"1443","timestamp":"2026-08-08 14:44:59"}
{"level":"info","message":" Incoming Request \u001b[32mGET\u001b[39m \u001b[34m304\u001b[39m \u001b[35m/api/v1/subscription/trial-config\u001b[39m \u001b[93m7 ms\u001b[39m","size":0,"timestamp":"2026-08-08 14:45:21"}
{"level":"info","message":" Incoming Request \u001b[32mGET\u001b[39m \u001b[34m304\u001b[39m \u001b[35m/api/v1/subscription?includeDisabled=true\u001b[39m \u001b[93m3 ms\u001b[39m","size":0,"timestamp":"2026-08-08 14:45:21"}
{"level":"info","message":" Incoming Request \u001b[32mGET\u001b[39m \u001b[34m304\u001b[39m \u001b[35m/api/v1/subscription\u001b[39m \u001b[93m4 ms\u001b[39m","size":0,"timestamp":"2026-08-08 14:45:27"}
{"level":"info","message":" Incoming Request \u001b[32mGET\u001b[39m \u001b[32m200\u001b[39m \u001b[35m/api/v1/signal/app?category=Forex&searchTerm=hkjh&sort=-publishedAt&page=1&limit=10\u001b[39m \u001b[93m8 ms\u001b[39m","size":"477","timestamp":"2026-08-08 14:46:11"}
{"level":"info","message":" Incoming Request \u001b[32mGET\u001b[39m \u001b[32m200\u001b[39m \u001b[35m/api/v1/subscription/user/purchases\u001b[39m \u001b[93m20 ms\u001b[39m","size":"2716","timestamp":"2026-08-08 14:46:25"}
{"level":"info","message":" Incoming Request \u001b[32mGET\u001b[39m \u001b[32m200\u001b[39m \u001b[35m/api/v1/subscription/user/trial-status\u001b[39m \u001b[93m6 ms\u001b[39m","size":"102","timestamp":"2026-08-08 14:46:42"}
{"level":"info","message":" Incoming Request \u001b[32mGET\u001b[39m \u001b[32m200\u001b[39m \u001b[35m/api/v1/subscription\u001b[39m \u001b[93m4 ms\u001b[39m","size":"2406","timestamp":"2026-08-08 15:03:32"}
{"level":"info","message":" Incoming Request \u001b[32mGET\u001b[39m \u001b[34m304\u001b[39m \u001b[35m/api/v1/subscription\u001b[39m \u001b[93m3 ms\u001b[39m","size":0,"timestamp":"2026-08-08 15:04:13"}
{"level":"info","message":" Incoming Request \u001b[32mGET\u001b[39m \u001b[34m304\u001b[39m \u001b[35m/api/v1/subscription?includeDisabled=true\u001b[39m \u001b[93m4 ms\u001b[39m","size":0,"timestamp":"2026-08-08 15:05:34"}
{"level":"info","message":" Incoming Request \u001b[32mGET\u001b[39m \u001b[34m304\u001b[39m \u001b[35m/api/v1/subscription/trial-config\u001b[39m \u001b[93m9 ms\u001b[39m","size":0,"timestamp":"2026-08-08 15:05:34"}
{"level":"info","message":" Incoming Request \u001b[32mGET\u001b[39m \u001b[34m304\u001b[39m \u001b[35m/api/v1/signal\u001b[39m \u001b[93m6 ms\u001b[39m","size":0,"timestamp":"2026-08-08 15:05:44"}
{"level":"info","message":" Incoming Request \u001b[32mGET\u001b[39m \u001b[34m304\u001b[39m \u001b[35m/api/v1/signal\u001b[39m \u001b[93m5 ms\u001b[39m","size":0,"timestamp":"2026-08-08 15:09:01"}
{"level":"info","message":" Incoming Request \u001b[32mGET\u001b[39m \u001b[34m304\u001b[39m \u001b[35m/api/v1/user/my-profile\u001b[39m \u001b[93m15 ms\u001b[39m","size":0,"timestamp":"2026-08-08 15:09:06"}
{"level":"info","message":" Incoming Request \u001b[32mGET\u001b[39m \u001b[34m304\u001b[39m \u001b[35m/api/v1/signal\u001b[39m \u001b[93m14 ms\u001b[39m","size":0,"timestamp":"2026-08-08 15:09:06"}
{"level":"info","message":" Incoming Request \u001b[32mGET\u001b[39m \u001b[34m304\u001b[39m \u001b[35m/api/v1/signal?status=Active\u001b[39m \u001b[93m11 ms\u001b[39m","size":0,"timestamp":"2026-08-08 15:09:17"}
{"level":"info","message":" Incoming Request \u001b[32mGET\u001b[39m \u001b[34m304\u001b[39m \u001b[35m/api/v1/signal?status=Draft\u001b[39m \u001b[93m8 ms\u001b[39m","size":0,"timestamp":"2026-08-08 15:09:18"}
{"level":"info","message":" Incoming Request \u001b[32mGET\u001b[39m \u001b[34m304\u001b[39m \u001b[35m/api/v1/signal?status=Scheduled\u001b[39m \u001b[93m6 ms\u001b[39m","size":0,"timestamp":"2026-08-08 15:09:19"}
{"level":"info","message":" Incoming Request \u001b[32mGET\u001b[39m \u001b[34m304\u001b[39m \u001b[35m/api/v1/signal?status=Closed\u001b[39m \u001b[93m5 ms\u001b[39m","size":0,"timestamp":"2026-08-08 15:09:20"}
{"level":"info","message":" Incoming Request \u001b[32mGET\u001b[39m \u001b[34m304\u001b[39m \u001b[35m/api/v1/subscription?includeDisabled=true\u001b[39m \u001b[93m3 ms\u001b[39m","size":0,"timestamp":"2026-08-08 15:10:20"}
{"level":"info","message":" Incoming Request \u001b[32mGET\u001b[39m \u001b[34m304\u001b[39m \u001b[35m/api/v1/subscription/trial-config\u001b[39m \u001b[93m10 ms\u001b[39m","size":0,"timestamp":"2026-08-08 15:10:20"}
{"level":"info","message":" Incoming Request \u001b[32mGET\u001b[39m \u001b[34m304\u001b[39m \u001b[35m/api/v1/subscription\u001b[39m \u001b[93m7 ms\u001b[39m","size":0,"timestamp":"2026-08-08 15:10:36"}
{"level":"info","message":" Incoming Request \u001b[32mGET\u001b[39m \u001b[32m200\u001b[39m \u001b[35m/api/v1/signal/app?category=Forex&searchTerm=hkjh&sort=-publishedAt&page=1&limit=10\u001b[39m \u001b[93m8 ms\u001b[39m","size":"477","timestamp":"2026-08-08 15:11:49"}
{"level":"info","message":" Incoming Request \u001b[34mPOST\u001b[39m \u001b[31m400\u001b[39m \u001b[35m/api/v1/subscription/purchase/initiate\u001b[39m \u001b[93m9 ms\u001b[39m","size":"97","timestamp":"2026-08-08 15:12:43"}
{"level":"info","message":" Incoming Request \u001b[34mPOST\u001b[39m \u001b[31m400\u001b[39m \u001b[35m/api/v1/subscription/purchase/initiate\u001b[39m \u001b[93m38 ms\u001b[39m","size":"414","timestamp":"2026-08-08 15:17:54"}
{"level":"info","message":" Incoming Request \u001b[34mPOST\u001b[39m \u001b[31m400\u001b[39m \u001b[35m/api/v1/subscription/purchase/initiate\u001b[39m \u001b[93m16 ms\u001b[39m","size":"414","timestamp":"2026-08-08 15:18:48"}
{"level":"info","message":" Incoming Request \u001b[34mPOST\u001b[39m \u001b[32m200\u001b[39m \u001b[35m/api/v1/user/register\u001b[39m \u001b[93m3583 ms\u001b[39m","size":"262","timestamp":"2026-08-08 15:19:32"}
{"level":"info","message":" Incoming Request \u001b[34mPOST\u001b[39m \u001b[32m200\u001b[39m \u001b[35m/api/v1/user/login\u001b[39m \u001b[93m217 ms\u001b[39m","size":"752","timestamp":"2026-08-08 15:20:57"}
{"level":"info","message":" Incoming Request \u001b[34mPOST\u001b[39m \u001b[32m201\u001b[39m \u001b[35m/api/v1/subscription/purchase/initiate\u001b[39m \u001b[93m39 ms\u001b[39m","size":"768","timestamp":"2026-08-08 15:21:15"}
{"level":"info","message":" Incoming Request \u001b[32mGET\u001b[39m \u001b[32m200\u001b[39m \u001b[35m/api/v1/signal/app?category=Forex&searchTerm=hkjh&sort=-publishedAt&page=1&limit=10\u001b[39m \u001b[93m13 ms\u001b[39m","size":"478","timestamp":"2026-08-08 15:21:26"}
{"level":"info","message":" Incoming Request \u001b[32mGET\u001b[39m \u001b[32m200\u001b[39m \u001b[35m/api/v1/signal/app?category=all&searchTerm=hkjh&sort=-publishedAt&page=1&limit=10\u001b[39m \u001b[93m8 ms\u001b[39m","size":"478","timestamp":"2026-08-08 15:21:37"}
{"level":"info","message":" Incoming Request \u001b[32mGET\u001b[39m \u001b[32m200\u001b[39m \u001b[35m/api/v1/signal/app?category=all&searchTerm=&sort=-publishedAt&page=1&limit=10\u001b[39m \u001b[93m10 ms\u001b[39m","size":"478","timestamp":"2026-08-08 15:21:58"}
{"level":"info","message":" Incoming Request \u001b[32mGET\u001b[39m \u001b[32m200\u001b[39m \u001b[35m/api/v1/signal/app?category=All&sort=-publishedAt&page=1&limit=10\u001b[39m \u001b[93m31 ms\u001b[39m","size":"3692","timestamp":"2026-08-08 15:22:10"}
{"level":"info","message":" Incoming Request \u001b[32mGET\u001b[39m \u001b[32m200\u001b[39m \u001b[35m/api/v1/subscription\u001b[39m \u001b[93m3 ms\u001b[39m","size":"2406","timestamp":"2026-08-08 15:22:48"}
{"level":"info","message":" Incoming Request \u001b[32mGET\u001b[39m \u001b[32m200\u001b[39m \u001b[35m/api/v1/subscription/user/trial-status\u001b[39m \u001b[93m16 ms\u001b[39m","size":"256","timestamp":"2026-08-08 15:23:16"}
{"level":"info","message":" Incoming Request \u001b[32mGET\u001b[39m \u001b[32m200\u001b[39m \u001b[35m/api/v1/subscription/user/current\u001b[39m \u001b[93m23 ms\u001b[39m","size":"1391","timestamp":"2026-08-08 15:25:02"}
{"level":"info","message":" Incoming Request \u001b[32mGET\u001b[39m \u001b[32m200\u001b[39m \u001b[35m/api/v1/subscription/user/purchases\u001b[39m \u001b[93m8 ms\u001b[39m","size":"1396","timestamp":"2026-08-08 15:25:13"}
{"level":"info","message":" Incoming Request \u001b[32mGET\u001b[39m \u001b[34m304\u001b[39m \u001b[35m/api/v1/subscription\u001b[39m \u001b[93m5 ms\u001b[39m","size":0,"timestamp":"2026-08-08 15:29:16"}
{"level":"info","message":" Incoming Request \u001b[32mGET\u001b[39m \u001b[34m304\u001b[39m \u001b[35m/api/v1/subscription\u001b[39m \u001b[93m13 ms\u001b[39m","size":0,"timestamp":"2026-08-08 15:34:57"}
{"level":"info","message":" Incoming Request \u001b[32mGET\u001b[39m \u001b[34m304\u001b[39m \u001b[35m/api/v1/user/my-profile\u001b[39m \u001b[93m32 ms\u001b[39m","size":0,"timestamp":"2026-08-08 15:34:57"}
{"level":"info","message":" Incoming Request \u001b[32mGET\u001b[39m \u001b[32m200\u001b[39m \u001b[35m/api/v1/notification/audience-stats\u001b[39m \u001b[93m40 ms\u001b[39m","size":"139","timestamp":"2026-08-08 15:34:57"}
{"level":"info","message":" Incoming Request \u001b[32mGET\u001b[39m \u001b[32m200\u001b[39m \u001b[35m/api/v1/dashboard/stats?range=6M\u001b[39m \u001b[93m86 ms\u001b[39m","size":"1788","timestamp":"2026-08-08 15:34:57"}
{"level":"info","message":" Incoming Request \u001b[32mGET\u001b[39m \u001b[34m304\u001b[39m \u001b[35m/api/v1/user/my-profile\u001b[39m \u001b[93m5 ms\u001b[39m","size":0,"timestamp":"2026-08-08 15:34:57"}
{"level":"info","message":" Incoming Request \u001b[32mGET\u001b[39m \u001b[32m200\u001b[39m \u001b[35m/api/v1/signal/types\u001b[39m \u001b[93m14 ms\u001b[39m","size":"860","timestamp":"2026-08-08 15:35:10"}
{"level":"info","message":" Incoming Request \u001b[32mGET\u001b[39m \u001b[34m304\u001b[39m \u001b[35m/api/v1/signal/types\u001b[39m \u001b[93m7 ms\u001b[39m","size":0,"timestamp":"2026-08-08 15:35:21"}
{"level":"info","message":" Incoming Request \u001b[32mGET\u001b[39m \u001b[34m304\u001b[39m \u001b[35m/api/v1/signal\u001b[39m \u001b[93m7 ms\u001b[39m","size":0,"timestamp":"2026-08-08 15:46:56"}
{"level":"info","message":" Incoming Request \u001b[32mGET\u001b[39m \u001b[34m304\u001b[39m \u001b[35m/api/v1/coupon\u001b[39m \u001b[93m8 ms\u001b[39m","size":0,"timestamp":"2026-08-08 15:47:15"}
{"level":"info","message":" Incoming Request \u001b[32mGET\u001b[39m \u001b[34m304\u001b[39m \u001b[35m/api/v1/coupon\u001b[39m \u001b[93m3 ms\u001b[39m","size":0,"timestamp":"2026-08-08 15:47:18"}
{"level":"info","message":" Incoming Request \u001b[32mGET\u001b[39m \u001b[32m200\u001b[39m \u001b[35m/api/v1/signal/app?category=All&sort=-publishedAt&page=1&limit=10\u001b[39m \u001b[93m16 ms\u001b[39m","size":"3670","timestamp":"2026-08-08 15:47:47"}
{"level":"info","message":" Incoming Request \u001b[32mGET\u001b[39m \u001b[34m304\u001b[39m \u001b[35m/api/v1/signal?status=Active\u001b[39m \u001b[93m7 ms\u001b[39m","size":0,"timestamp":"2026-08-08 15:48:42"}
{"level":"info","message":" Incoming Request \u001b[32mGET\u001b[39m \u001b[34m304\u001b[39m \u001b[35m/api/v1/signal?status=Draft\u001b[39m \u001b[93m6 ms\u001b[39m","size":0,"timestamp":"2026-08-08 15:48:43"}
{"level":"info","message":" Incoming Request \u001b[32mGET\u001b[39m \u001b[34m304\u001b[39m \u001b[35m/api/v1/signal?status=Scheduled\u001b[39m \u001b[93m5 ms\u001b[39m","size":0,"timestamp":"2026-08-08 15:48:44"}
{"level":"info","message":" Incoming Request \u001b[32mGET\u001b[39m \u001b[34m304\u001b[39m \u001b[35m/api/v1/signal?status=Closed\u001b[39m \u001b[93m7 ms\u001b[39m","size":0,"timestamp":"2026-08-08 15:48:45"}
{"level":"info","message":" Incoming Request \u001b[32mGET\u001b[39m \u001b[34m304\u001b[39m \u001b[35m/api/v1/post\u001b[39m \u001b[93m5 ms\u001b[39m","size":0,"timestamp":"2026-08-08 15:49:47"}
{"level":"info","message":"Root endpoint hit","timestamp":"2026-08-08 16:25:25"}
{"level":"info","message":" Incoming Request \u001b[32mGET\u001b[39m \u001b[32m200\u001b[39m \u001b[35m/\u001b[39m \u001b[93m2 ms\u001b[39m","size":"109","timestamp":"2026-08-08 16:25:25"}
{"level":"info","message":"Root endpoint hit","timestamp":"2026-08-08 16:25:37"}
{"level":"info","message":" Incoming Request \u001b[32mGET\u001b[39m \u001b[32m200\u001b[39m \u001b[35m/\u001b[39m \u001b[93m1 ms\u001b[39m","size":"109","timestamp":"2026-08-08 16:25:37"}
{"level":"info","message":" Incoming Request \u001b[32mGET\u001b[39m \u001b[31m404\u001b[39m \u001b[35m/favicon.ico\u001b[39m \u001b[93m1 ms\u001b[39m","size":"166","timestamp":"2026-08-08 16:25:37"}
{"level":"info","message":"Root endpoint hit","timestamp":"2026-08-08 16:25:38"}
{"level":"info","message":" Incoming Request \u001b[31mHEAD\u001b[39m \u001b[32m200\u001b[39m \u001b[35m/\u001b[39m \u001b[93m1 ms\u001b[39m","size":"109","timestamp":"2026-08-08 16:25:38"}
{"level":"info","message":"Root endpoint hit","timestamp":"2026-08-08 16:27:24"}
{"level":"info","message":" Incoming Request \u001b[32mGET\u001b[39m \u001b[32m200\u001b[39m \u001b[35m/\u001b[39m \u001b[93m0 ms\u001b[39m","size":"109","timestamp":"2026-08-08 16:27:24"}
{"level":"info","message":"Root endpoint hit","timestamp":"2026-08-08 16:29:21"}
{"level":"info","message":" Incoming Request \u001b[32mGET\u001b[39m \u001b[32m200\u001b[39m \u001b[35m/\u001b[39m \u001b[93m2 ms\u001b[39m","size":"109","timestamp":"2026-08-08 16:29:21"}
{"level":"info","message":"Root endpoint hit","timestamp":"2026-08-08 16:32:00"}
{"level":"info","message":" Incoming Request \u001b[32mGET\u001b[39m \u001b[32m200\u001b[39m \u001b[35m/\u001b[39m \u001b[93m1 ms\u001b[39m","size":"109","timestamp":"2026-08-08 16:32:00"}
{"level":"info","message":"Root endpoint hit","timestamp":"2026-08-08 16:32:55"}
{"level":"info","message":" Incoming Request \u001b[32mGET\u001b[39m \u001b[32m200\u001b[39m \u001b[35m/\u001b[39m \u001b[93m0 ms\u001b[39m","size":"109","timestamp":"2026-08-08 16:32:55"}
{"level":"info","message":"Root endpoint hit","timestamp":"2026-08-08 16:32:58"}
{"level":"info","message":" Incoming Request \u001b[32mGET\u001b[39m \u001b[32m200\u001b[39m \u001b[35m/\u001b[39m \u001b[93m1 ms\u001b[39m","size":"109","timestamp":"2026-08-08 16:32:58"}
{"level":"info","message":" Incoming Request \u001b[32mGET\u001b[39m \u001b[32m200\u001b[39m \u001b[35m/api/v1/notification/audience-stats\u001b[39m \u001b[93m71 ms\u001b[39m","size":"139","timestamp":"2026-08-08 17:04:45"}
{"level":"info","message":" Incoming Request \u001b[32mGET\u001b[39m \u001b[32m200\u001b[39m \u001b[35m/api/v1/signal/types\u001b[39m \u001b[93m67 ms\u001b[39m","size":"860","timestamp":"2026-08-08 17:04:45"}
{"level":"info","message":" Incoming Request \u001b[32mGET\u001b[39m \u001b[32m200\u001b[39m \u001b[35m/api/v1/user/my-profile\u001b[39m \u001b[93m66 ms\u001b[39m","size":"492","timestamp":"2026-08-08 17:04:45"}
{"level":"info","message":" Incoming Request \u001b[32mGET\u001b[39m \u001b[32m200\u001b[39m \u001b[35m/api/v1/dashboard/stats?range=6M\u001b[39m \u001b[93m286 ms\u001b[39m","size":"1786","timestamp":"2026-08-08 17:04:45"}
{"level":"info","message":" Incoming Request \u001b[32mGET\u001b[39m \u001b[31m404\u001b[39m \u001b[35m/api/v1/health\u001b[39m \u001b[93m3 ms\u001b[39m","size":"170","timestamp":"2026-08-08 17:06:31"}
{"level":"info","message":" Incoming Request \u001b[32mGET\u001b[39m \u001b[31m404\u001b[39m \u001b[35m/favicon.ico\u001b[39m \u001b[93m2 ms\u001b[39m","size":"166","timestamp":"2026-08-08 17:06:31"}
{"level":"info","message":"Root endpoint hit","timestamp":"2026-08-08 17:06:38"}
{"level":"info","message":" Incoming Request \u001b[32mGET\u001b[39m \u001b[32m200\u001b[39m \u001b[35m/\u001b[39m \u001b[93m1 ms\u001b[39m","size":"109","timestamp":"2026-08-08 17:06:38"}
{"level":"info","message":" Incoming Request \u001b[32mGET\u001b[39m \u001b[34m304\u001b[39m \u001b[35m/api/v1/notification/audience-stats\u001b[39m \u001b[93m28 ms\u001b[39m","size":0,"timestamp":"2026-08-08 17:09:12"}
{"level":"info","message":" Incoming Request \u001b[32mGET\u001b[39m \u001b[34m304\u001b[39m \u001b[35m/api/v1/signal/types\u001b[39m \u001b[93m32 ms\u001b[39m","size":0,"timestamp":"2026-08-08 17:09:12"}
{"level":"info","message":" Incoming Request \u001b[32mGET\u001b[39m \u001b[34m304\u001b[39m \u001b[35m/api/v1/user/my-profile\u001b[39m \u001b[93m32 ms\u001b[39m","size":0,"timestamp":"2026-08-08 17:09:12"}
{"level":"info","message":" Incoming Request \u001b[32mGET\u001b[39m \u001b[34m304\u001b[39m \u001b[35m/api/v1/dashboard/stats?range=6M\u001b[39m \u001b[93m235 ms\u001b[39m","size":0,"timestamp":"2026-08-08 17:09:12"}
{"level":"info","message":"Root endpoint hit","timestamp":"2026-08-08 17:15:42"}
{"level":"info","message":" Incoming Request \u001b[32mGET\u001b[39m \u001b[32m200\u001b[39m \u001b[35m/\u001b[39m \u001b[93m0 ms\u001b[39m","size":"109","timestamp":"2026-08-08 17:15:42"}
{"level":"info","message":"Root endpoint hit","timestamp":"2026-08-08 17:18:15"}
{"level":"info","message":" Incoming Request \u001b[32mGET\u001b[39m \u001b[32m200\u001b[39m \u001b[35m/\u001b[39m \u001b[93m1 ms\u001b[39m","size":"109","timestamp":"2026-08-08 17:18:15"}
{"level":"info","message":"Root endpoint hit","timestamp":"2026-08-08 17:18:16"}
{"level":"info","message":" Incoming Request \u001b[32mGET\u001b[39m \u001b[32m200\u001b[39m \u001b[35m/\u001b[39m \u001b[93m3 ms\u001b[39m","size":"109","timestamp":"2026-08-08 17:18:16"}
{"level":"info","message":"Root endpoint hit","timestamp":"2026-08-08 17:18:16"}
{"level":"info","message":" Incoming Request \u001b[32mGET\u001b[39m \u001b[32m200\u001b[39m \u001b[35m/\u001b[39m \u001b[93m2 ms\u001b[39m","size":"109","timestamp":"2026-08-08 17:18:16"}
{"level":"info","message":" Incoming Request \u001b[32mGET\u001b[39m \u001b[32m200\u001b[39m \u001b[35m/api/v1/post\u001b[39m \u001b[93m12 ms\u001b[39m","size":"84","timestamp":"2026-08-08 17:22:13"}
{"level":"info","message":" Incoming Request \u001b[32mGET\u001b[39m \u001b[32m200\u001b[39m \u001b[35m/api/v1/notification\u001b[39m \u001b[93m23 ms\u001b[39m","size":"501","timestamp":"2026-08-08 17:24:17"}
{"level":"info","message":" Incoming Request \u001b[32mGET\u001b[39m \u001b[34m304\u001b[39m \u001b[35m/api/v1/notification/audience-stats\u001b[39m \u001b[93m24 ms\u001b[39m","size":0,"timestamp":"2026-08-08 17:24:17"}
{"level":"info","message":" Incoming Request \u001b[32mGET\u001b[39m \u001b[32m200\u001b[39m \u001b[35m/api/v1/signal\u001b[39m \u001b[93m13 ms\u001b[39m","size":"4198","timestamp":"2026-08-08 17:24:19"}
{"level":"info","message":" Incoming Request \u001b[32mGET\u001b[39m \u001b[34m304\u001b[39m \u001b[35m/api/v1/signal/types\u001b[39m \u001b[93m13 ms\u001b[39m","size":0,"timestamp":"2026-08-08 17:24:19"}
{"level":"info","message":" Incoming Request \u001b[32mGET\u001b[39m \u001b[34m304\u001b[39m \u001b[35m/api/v1/management/about\u001b[39m \u001b[93m17 ms\u001b[39m","size":0,"timestamp":"2026-08-08 17:24:29"}
{"level":"info","message":" Incoming Request \u001b[32mGET\u001b[39m \u001b[34m304\u001b[39m \u001b[35m/api/v1/management/privacy\u001b[39m \u001b[93m4 ms\u001b[39m","size":0,"timestamp":"2026-08-08 17:24:30"}
{"level":"info","message":" Incoming Request \u001b[32mGET\u001b[39m \u001b[34m304\u001b[39m \u001b[35m/api/v1/management/terms\u001b[39m \u001b[93m6 ms\u001b[39m","size":0,"timestamp":"2026-08-08 17:24:35"}
{"level":"info","message":" Incoming Request \u001b[32mGET\u001b[39m \u001b[32m200\u001b[39m \u001b[35m/api/v1/signal?searchTerm=d\u001b[39m \u001b[93m13 ms\u001b[39m","size":"2934","timestamp":"2026-08-08 17:24:49"}
{"level":"info","message":" Incoming Request \u001b[32mGET\u001b[39m \u001b[32m200\u001b[39m \u001b[35m/api/v1/signal?searchTerm=ds\u001b[39m \u001b[93m5 ms\u001b[39m","size":"86","timestamp":"2026-08-08 17:24:50"}
{"level":"info","message":" Incoming Request \u001b[32mGET\u001b[39m \u001b[32m200\u001b[39m \u001b[35m/api/v1/signal?searchTerm=dsd\u001b[39m \u001b[93m4 ms\u001b[39m","size":"86","timestamp":"2026-08-08 17:24:50"}
{"level":"info","message":" Incoming Request \u001b[32mGET\u001b[39m \u001b[32m200\u001b[39m \u001b[35m/api/v1/signal?searchTerm=dsdf\u001b[39m \u001b[93m14 ms\u001b[39m","size":"86","timestamp":"2026-08-08 17:24:50"}
{"level":"info","message":" Incoming Request \u001b[32mGET\u001b[39m \u001b[32m200\u001b[39m \u001b[35m/api/v1/signal?status=Scheduled\u001b[39m \u001b[93m8 ms\u001b[39m","size":"429","timestamp":"2026-08-08 17:24:57"}
{"level":"info","message":" Incoming Request \u001b[32mGET\u001b[39m \u001b[32m200\u001b[39m \u001b[35m/api/v1/signal?status=Draft\u001b[39m \u001b[93m6 ms\u001b[39m","size":"687","timestamp":"2026-08-08 17:24:58"}
{"level":"info","message":" Incoming Request \u001b[32mGET\u001b[39m \u001b[32m200\u001b[39m \u001b[35m/api/v1/signal?status=Active\u001b[39m \u001b[93m10 ms\u001b[39m","size":"2223","timestamp":"2026-08-08 17:24:58"}
{"level":"info","message":"Root endpoint hit","timestamp":"2026-08-08 17:27:45"}
{"level":"info","message":" Incoming Request \u001b[31mHEAD\u001b[39m \u001b[32m200\u001b[39m \u001b[35m/\u001b[39m \u001b[93m9 ms\u001b[39m","size":"109","timestamp":"2026-08-08 17:27:45"}
{"level":"info","message":"Root endpoint hit","timestamp":"2026-08-08 17:27:45"}
{"level":"info","message":" Incoming Request \u001b[32mGET\u001b[39m \u001b[32m200\u001b[39m \u001b[35m/\u001b[39m \u001b[93m3 ms\u001b[39m","size":"109","timestamp":"2026-08-08 17:27:45"}
{"level":"info","message":" Incoming Request \u001b[32mGET\u001b[39m \u001b[32m200\u001b[39m \u001b[35m/api/v1/signal\u001b[39m \u001b[93m44 ms\u001b[39m","size":"4198","timestamp":"2026-08-08 17:28:14"}
{"level":"info","message":" Incoming Request \u001b[32mGET\u001b[39m \u001b[32m200\u001b[39m \u001b[35m/api/v1/signal/types\u001b[39m \u001b[93m44 ms\u001b[39m","size":"860","timestamp":"2026-08-08 17:28:14"}
{"level":"info","message":" Incoming Request \u001b[32mGET\u001b[39m \u001b[32m200\u001b[39m \u001b[35m/api/v1/coupon\u001b[39m \u001b[93m21 ms\u001b[39m","size":"363","timestamp":"2026-08-08 17:28:36"}
{"level":"info","message":" Incoming Request \u001b[32mGET\u001b[39m \u001b[32m200\u001b[39m \u001b[35m/api/v1/user/my-profile\u001b[39m \u001b[93m18 ms\u001b[39m","size":"492","timestamp":"2026-08-08 17:28:38"}
{"level":"info","message":" Incoming Request \u001b[32mGET\u001b[39m \u001b[32m200\u001b[39m \u001b[35m/api/v1/management/privacy\u001b[39m \u001b[93m4 ms\u001b[39m","size":"236","timestamp":"2026-08-08 17:28:39"}
{"level":"info","message":" Incoming Request \u001b[32mGET\u001b[39m \u001b[32m200\u001b[39m \u001b[35m/api/v1/post\u001b[39m \u001b[93m9 ms\u001b[39m","size":"84","timestamp":"2026-08-08 17:28:39"}
{"level":"info","message":" Incoming Request \u001b[32mGET\u001b[39m \u001b[32m200\u001b[39m \u001b[35m/api/v1/notification/audience-stats\u001b[39m \u001b[93m17 ms\u001b[39m","size":"139","timestamp":"2026-08-08 17:28:40"}
{"level":"info","message":" Incoming Request \u001b[32mGET\u001b[39m \u001b[32m200\u001b[39m \u001b[35m/api/v1/dashboard/stats?range=6M\u001b[39m \u001b[93m196 ms\u001b[39m","size":"1786","timestamp":"2026-08-08 17:28:40"}
{"level":"info","message":"Root endpoint hit","timestamp":"2026-08-08 17:29:33"}
{"level":"info","message":" Incoming Request \u001b[32mGET\u001b[39m \u001b[32m200\u001b[39m \u001b[35m/\u001b[39m \u001b[93m4 ms\u001b[39m","size":"109","timestamp":"2026-08-08 17:29:33"}
{"level":"info","message":" Incoming Request \u001b[34mPOST\u001b[39m \u001b[31m403\u001b[39m \u001b[35m/api/v1/user/login\u001b[39m \u001b[93m7 ms\u001b[39m","size":"254","timestamp":"2026-08-08 17:32:19"}
{"level":"info","message":" Incoming Request \u001b[34mPOST\u001b[39m \u001b[32m200\u001b[39m \u001b[35m/api/v1/user/login\u001b[39m \u001b[93m222 ms\u001b[39m","size":"712","timestamp":"2026-08-08 17:33:04"}
{"level":"info","message":" Incoming Request \u001b[32mGET\u001b[39m \u001b[32m200\u001b[39m \u001b[35m/api/v1/user/my-profile\u001b[39m \u001b[93m40 ms\u001b[39m","size":"492","timestamp":"2026-08-08 17:33:04"}
{"level":"info","message":" Incoming Request \u001b[32mGET\u001b[39m \u001b[32m200\u001b[39m \u001b[35m/api/v1/signal/types\u001b[39m \u001b[93m40 ms\u001b[39m","size":"860","timestamp":"2026-08-08 17:33:04"}
{"level":"info","message":" Incoming Request \u001b[32mGET\u001b[39m \u001b[32m200\u001b[39m \u001b[35m/api/v1/notification/audience-stats\u001b[39m \u001b[93m75 ms\u001b[39m","size":"139","timestamp":"2026-08-08 17:33:04"}
{"level":"info","message":" Incoming Request \u001b[32mGET\u001b[39m \u001b[32m200\u001b[39m \u001b[35m/api/v1/dashboard/stats?range=6M\u001b[39m \u001b[93m253 ms\u001b[39m","size":"1786","timestamp":"2026-08-08 17:33:04"}
{"level":"info","message":" Incoming Request \u001b[32mGET\u001b[39m \u001b[32m200\u001b[39m \u001b[35m/api/v1/coupon\u001b[39m \u001b[93m9 ms\u001b[39m","size":"363","timestamp":"2026-08-08 17:33:41"}
{"level":"info","message":" Incoming Request \u001b[32mGET\u001b[39m \u001b[32m200\u001b[39m \u001b[35m/api/v1/post\u001b[39m \u001b[93m12 ms\u001b[39m","size":"2227","timestamp":"2026-08-08 17:33:42"}
{"level":"info","message":" Incoming Request \u001b[32mGET\u001b[39m \u001b[34m304\u001b[39m \u001b[35m/api/v1/user/my-profile\u001b[39m \u001b[93m21 ms\u001b[39m","size":0,"timestamp":"2026-08-08 17:34:07"}
{"level":"info","message":" Incoming Request \u001b[32mGET\u001b[39m \u001b[34m304\u001b[39m \u001b[35m/api/v1/notification/audience-stats\u001b[39m \u001b[93m23 ms\u001b[39m","size":0,"timestamp":"2026-08-08 17:34:07"}
{"level":"info","message":" Incoming Request \u001b[32mGET\u001b[39m \u001b[34m304\u001b[39m \u001b[35m/api/v1/signal/types\u001b[39m \u001b[93m22 ms\u001b[39m","size":0,"timestamp":"2026-08-08 17:34:07"}
{"level":"info","message":" Incoming Request \u001b[32mGET\u001b[39m \u001b[34m304\u001b[39m \u001b[35m/api/v1/dashboard/stats?range=6M\u001b[39m \u001b[93m190 ms\u001b[39m","size":0,"timestamp":"2026-08-08 17:34:07"}
{"level":"info","message":" Incoming Request \u001b[32mGET\u001b[39m \u001b[34m304\u001b[39m \u001b[35m/api/v1/signal/types\u001b[39m \u001b[93m19 ms\u001b[39m","size":0,"timestamp":"2026-08-08 17:34:51"}
{"level":"info","message":" Incoming Request \u001b[32mGET\u001b[39m \u001b[34m304\u001b[39m \u001b[35m/api/v1/notification/audience-stats\u001b[39m \u001b[93m20 ms\u001b[39m","size":0,"timestamp":"2026-08-08 17:34:51"}
{"level":"info","message":" Incoming Request \u001b[32mGET\u001b[39m \u001b[34m304\u001b[39m \u001b[35m/api/v1/user/my-profile\u001b[39m \u001b[93m16 ms\u001b[39m","size":0,"timestamp":"2026-08-08 17:34:51"}
{"level":"info","message":" Incoming Request \u001b[32mGET\u001b[39m \u001b[34m304\u001b[39m \u001b[35m/api/v1/dashboard/stats?range=6M\u001b[39m \u001b[93m77 ms\u001b[39m","size":0,"timestamp":"2026-08-08 17:34:51"}
{"level":"info","message":" Incoming Request \u001b[34mPOST\u001b[39m \u001b[32m200\u001b[39m \u001b[35m/api/v1/user/login\u001b[39m \u001b[93m222 ms\u001b[39m","size":"712","timestamp":"2026-08-08 17:35:18"}
{"level":"info","message":" Incoming Request \u001b[32mGET\u001b[39m \u001b[32m200\u001b[39m \u001b[35m/api/v1/notification\u001b[39m \u001b[93m16 ms\u001b[39m","size":"501","timestamp":"2026-08-08 17:38:28"}
{"level":"info","message":" Incoming Request \u001b[32mGET\u001b[39m \u001b[32m200\u001b[39m \u001b[35m/api/v1/subscription?includeDisabled=true\u001b[39m \u001b[93m23 ms\u001b[39m","size":"2406","timestamp":"2026-08-08 17:39:11"}
{"level":"info","message":" Incoming Request \u001b[32mGET\u001b[39m \u001b[32m200\u001b[39m \u001b[35m/api/v1/subscription/trial-config\u001b[39m \u001b[93m65 ms\u001b[39m","size":"412","timestamp":"2026-08-08 17:39:11"}
{"level":"info","message":" Incoming Request \u001b[32mGET\u001b[39m \u001b[32m200\u001b[39m \u001b[35m/api/v1/user/all-user?page=1&limit=10\u001b[39m \u001b[93m17 ms\u001b[39m","size":"717","timestamp":"2026-08-08 17:39:13"}
{"level":"info","message":" Incoming Request \u001b[32mGET\u001b[39m \u001b[34m304\u001b[39m \u001b[35m/api/v1/coupon\u001b[39m \u001b[93m8 ms\u001b[39m","size":0,"timestamp":"2026-08-08 17:39:15"}
{"level":"info","message":" Incoming Request \u001b[34mPOST\u001b[39m \u001b[32m200\u001b[39m \u001b[35m/api/v1/subscription/trial-config\u001b[39m \u001b[93m12 ms\u001b[39m","size":"332","timestamp":"2026-08-08 17:39:23"}
{"level":"info","message":" Incoming Request \u001b[32mGET\u001b[39m \u001b[32m200\u001b[39m \u001b[35m/api/v1/subscription/trial-config\u001b[39m \u001b[93m9 ms\u001b[39m","size":"412","timestamp":"2026-08-08 17:39:23"}
{"level":"info","message":" Incoming Request \u001b[32mGET\u001b[39m \u001b[34m304\u001b[39m \u001b[35m/api/v1/subscription?includeDisabled=true\u001b[39m \u001b[93m4 ms\u001b[39m","size":0,"timestamp":"2026-08-08 17:39:23"}
{"level":"info","message":" Incoming Request \u001b[34mPOST\u001b[39m \u001b[32m200\u001b[39m \u001b[35m/api/v1/subscription/trial-config\u001b[39m \u001b[93m8 ms\u001b[39m","size":"331","timestamp":"2026-08-08 17:39:24"}
{"level":"info","message":" Incoming Request \u001b[32mGET\u001b[39m \u001b[34m304\u001b[39m \u001b[35m/api/v1/subscription?includeDisabled=true\u001b[39m \u001b[93m3 ms\u001b[39m","size":0,"timestamp":"2026-08-08 17:39:24"}
{"level":"info","message":" Incoming Request \u001b[32mGET\u001b[39m \u001b[32m200\u001b[39m \u001b[35m/api/v1/subscription/trial-config\u001b[39m \u001b[93m7 ms\u001b[39m","size":"411","timestamp":"2026-08-08 17:39:24"}
{"level":"info","message":" Incoming Request \u001b[32mGET\u001b[39m \u001b[32m200\u001b[39m \u001b[35m/api/v1/management/privacy\u001b[39m \u001b[93m6 ms\u001b[39m","size":"236","timestamp":"2026-08-08 17:39:26"}
{"level":"info","message":" Incoming Request \u001b[32mGET\u001b[39m \u001b[32m200\u001b[39m \u001b[35m/api/v1/management/terms\u001b[39m \u001b[93m3 ms\u001b[39m","size":"99","timestamp":"2026-08-08 17:39:27"}
{"level":"info","message":" Incoming Request \u001b[32mGET\u001b[39m \u001b[32m200\u001b[39m \u001b[35m/api/v1/management/about\u001b[39m \u001b[93m2 ms\u001b[39m","size":"99","timestamp":"2026-08-08 17:39:27"}
{"level":"info","message":" Incoming Request \u001b[32mGET\u001b[39m \u001b[34m304\u001b[39m \u001b[35m/api/v1/post\u001b[39m \u001b[93m5 ms\u001b[39m","size":0,"timestamp":"2026-08-08 17:39:30"}
{"level":"info","message":" Incoming Request \u001b[32mGET\u001b[39m \u001b[34m304\u001b[39m \u001b[35m/api/v1/signal/types\u001b[39m \u001b[93m6 ms\u001b[39m","size":0,"timestamp":"2026-08-08 17:39:30"}
{"level":"info","message":" Incoming Request \u001b[32mGET\u001b[39m \u001b[32m200\u001b[39m \u001b[35m/api/v1/signal\u001b[39m \u001b[93m10 ms\u001b[39m","size":"4198","timestamp":"2026-08-08 17:39:30"}
{"level":"info","message":" Incoming Request \u001b[32mGET\u001b[39m \u001b[34m304\u001b[39m \u001b[35m/api/v1/dashboard/stats?range=6M\u001b[39m \u001b[93m69 ms\u001b[39m","size":0,"timestamp":"2026-08-08 17:39:31"}
{"level":"info","message":" Incoming Request \u001b[32mGET\u001b[39m \u001b[34m304\u001b[39m \u001b[35m/api/v1/signal\u001b[39m \u001b[93m16 ms\u001b[39m","size":0,"timestamp":"2026-08-08 17:39:51"}
{"level":"info","message":" Incoming Request \u001b[34mPOST\u001b[39m \u001b[32m200\u001b[39m \u001b[35m/api/v1/user/login\u001b[39m \u001b[93m211 ms\u001b[39m","size":"712","timestamp":"2026-08-08 17:50:25"}
{"level":"info","message":" Incoming Request \u001b[32mGET\u001b[39m \u001b[32m200\u001b[39m \u001b[35m/api/v1/signal/types\u001b[39m \u001b[93m21 ms\u001b[39m","size":"860","timestamp":"2026-08-08 17:50:26"}
{"level":"info","message":" Incoming Request \u001b[32mGET\u001b[39m \u001b[32m200\u001b[39m \u001b[35m/api/v1/notification/audience-stats\u001b[39m \u001b[93m24 ms\u001b[39m","size":"139","timestamp":"2026-08-08 17:50:26"}
{"level":"info","message":" Incoming Request \u001b[32mGET\u001b[39m \u001b[32m200\u001b[39m \u001b[35m/api/v1/user/my-profile\u001b[39m \u001b[93m4 ms\u001b[39m","size":"492","timestamp":"2026-08-08 17:50:26"}
{"level":"info","message":" Incoming Request \u001b[32mGET\u001b[39m \u001b[32m200\u001b[39m \u001b[35m/api/v1/dashboard/stats?range=6M\u001b[39m \u001b[93m43 ms\u001b[39m","size":"1786","timestamp":"2026-08-08 17:50:26"}
{"level":"info","message":" Incoming Request \u001b[32mGET\u001b[39m \u001b[32m200\u001b[39m \u001b[35m/api/v1/signal/types\u001b[39m \u001b[93m6 ms\u001b[39m","size":"860","timestamp":"2026-08-08 17:51:28"}
{"level":"info","message":" Incoming Request \u001b[32mGET\u001b[39m \u001b[32m200\u001b[39m \u001b[35m/api/v1/user/my-profile\u001b[39m \u001b[93m10 ms\u001b[39m","size":"492","timestamp":"2026-08-08 17:51:28"}
{"level":"info","message":" Incoming Request \u001b[32mGET\u001b[39m \u001b[32m200\u001b[39m \u001b[35m/api/v1/dashboard/stats?range=6M\u001b[39m \u001b[93m43 ms\u001b[39m","size":"1786","timestamp":"2026-08-08 17:51:28"}
{"level":"info","message":" Incoming Request \u001b[32mGET\u001b[39m \u001b[32m200\u001b[39m \u001b[35m/api/v1/notification/audience-stats\u001b[39m \u001b[93m5 ms\u001b[39m","size":"139","timestamp":"2026-08-08 17:51:28"}
{"level":"info","message":" Incoming Request \u001b[32mGET\u001b[39m \u001b[31m404\u001b[39m \u001b[35m/api/v1/user/login\u001b[39m \u001b[93m1 ms\u001b[39m","size":"178","timestamp":"2026-08-08 17:54:20"}
{"level":"info","message":" Incoming Request \u001b[32mGET\u001b[39m \u001b[31m404\u001b[39m \u001b[35m/api/v1/user/login\u001b[39m \u001b[93m0 ms\u001b[39m","size":"178","timestamp":"2026-08-08 17:54:40"}
{"level":"info","message":" Incoming Request \u001b[32mGET\u001b[39m \u001b[32m200\u001b[39m \u001b[35m/api/v1/user/my-profile\u001b[39m \u001b[93m4 ms\u001b[39m","size":"492","timestamp":"2026-08-08 17:54:40"}
{"level":"info","message":" Incoming Request \u001b[32mGET\u001b[39m \u001b[32m200\u001b[39m \u001b[35m/api/v1/notification/audience-stats\u001b[39m \u001b[93m7 ms\u001b[39m","size":"139","timestamp":"2026-08-08 17:54:40"}
{"level":"info","message":" Incoming Request \u001b[32mGET\u001b[39m \u001b[32m200\u001b[39m \u001b[35m/api/v1/signal/types\u001b[39m \u001b[93m8 ms\u001b[39m","size":"860","timestamp":"2026-08-08 17:54:40"}
{"level":"info","message":" Incoming Request \u001b[32mGET\u001b[39m \u001b[32m200\u001b[39m \u001b[35m/api/v1/dashboard/stats?range=6M\u001b[39m \u001b[93m32 ms\u001b[39m","size":"1786","timestamp":"2026-08-08 17:54:40"}
{"level":"info","message":" Incoming Request \u001b[32mGET\u001b[39m \u001b[31m404\u001b[39m \u001b[35m/api/v1/user/login\u001b[39m \u001b[93m1 ms\u001b[39m","size":"178","timestamp":"2026-08-08 17:55:02"}
{"level":"info","message":" Incoming Request \u001b[32mGET\u001b[39m \u001b[31m404\u001b[39m \u001b[35m/api/v1/user/login\u001b[39m \u001b[93m0 ms\u001b[39m","size":"178","timestamp":"2026-08-08 17:55:08"}
{"level":"info","message":" Incoming Request \u001b[32mGET\u001b[39m \u001b[31m404\u001b[39m \u001b[35m/api/v1/user/login\u001b[39m \u001b[93m1 ms\u001b[39m","size":"178","timestamp":"2026-08-08 17:55:20"}
{"level":"info","message":" Incoming Request \u001b[32mGET\u001b[39m \u001b[31m404\u001b[39m \u001b[35m/api/v1/user/login\u001b[39m \u001b[93m0 ms\u001b[39m","size":"178","timestamp":"2026-08-08 18:19:28"}
{"level":"info","message":" Incoming Request \u001b[34mPOST\u001b[39m \u001b[31m404\u001b[39m \u001b[35m/api/v1/user/login\u001b[39m \u001b[93m2 ms\u001b[39m","size":"158","timestamp":"2026-08-08 18:20:24"}
{"level":"info","message":" Incoming Request \u001b[34mPOST\u001b[39m \u001b[32m200\u001b[39m \u001b[35m/api/v1/user/login\u001b[39m \u001b[93m212 ms\u001b[39m","size":"712","timestamp":"2026-08-08 18:21:14"}
{"level":"info","message":" Incoming Request \u001b[32mGET\u001b[39m \u001b[32m200\u001b[39m \u001b[35m/api/v1/signal/types\u001b[39m \u001b[93m12 ms\u001b[39m","size":"860","timestamp":"2026-08-08 18:21:15"}
{"level":"info","message":" Incoming Request \u001b[32mGET\u001b[39m \u001b[32m200\u001b[39m \u001b[35m/api/v1/user/my-profile\u001b[39m \u001b[93m13 ms\u001b[39m","size":"492","timestamp":"2026-08-08 18:21:15"}
{"level":"info","message":" Incoming Request \u001b[32mGET\u001b[39m \u001b[32m200\u001b[39m \u001b[35m/api/v1/notification/audience-stats\u001b[39m \u001b[93m17 ms\u001b[39m","size":"139","timestamp":"2026-08-08 18:21:15"}
{"level":"info","message":" Incoming Request \u001b[32mGET\u001b[39m \u001b[32m200\u001b[39m \u001b[35m/api/v1/dashboard/stats?range=6M\u001b[39m \u001b[93m39 ms\u001b[39m","size":"1786","timestamp":"2026-08-08 18:21:15"}
{"level":"info","message":" Incoming Request \u001b[32mGET\u001b[39m \u001b[32m200\u001b[39m \u001b[35m/api/v1/signal\u001b[39m \u001b[93m8 ms\u001b[39m","size":"4198","timestamp":"2026-08-08 18:21:21"}
{"level":"info","message":" Incoming Request \u001b[32mGET\u001b[39m \u001b[32m200\u001b[39m \u001b[35m/api/v1/signal?searchTerm=B\u001b[39m \u001b[93m5 ms\u001b[39m","size":"1377","timestamp":"2026-08-08 18:21:42"}
{"level":"info","message":" Incoming Request \u001b[32mGET\u001b[39m \u001b[34m304\u001b[39m \u001b[35m/api/v1/signal/types\u001b[39m \u001b[93m5 ms\u001b[39m","size":0,"timestamp":"2026-08-08 18:21:55"}
{"level":"info","message":" Incoming Request \u001b[32mGET\u001b[39m \u001b[34m304\u001b[39m \u001b[35m/api/v1/signal\u001b[39m \u001b[93m4 ms\u001b[39m","size":0,"timestamp":"2026-08-08 18:21:55"}
{"level":"info","message":" Incoming Request \u001b[32mGET\u001b[39m \u001b[34m304\u001b[39m \u001b[35m/api/v1/user/my-profile\u001b[39m \u001b[93m4 ms\u001b[39m","size":0,"timestamp":"2026-08-08 18:21:55"}
{"level":"info","message":" Incoming Request \u001b[34mPOST\u001b[39m \u001b[32m200\u001b[39m \u001b[35m/api/v1/user/login\u001b[39m \u001b[93m214 ms\u001b[39m","size":"712","timestamp":"2026-08-08 18:26:37"}
{"level":"info","message":" Incoming Request \u001b[32mGET\u001b[39m \u001b[32m200\u001b[39m \u001b[35m/api/v1/notification/audience-stats\u001b[39m \u001b[93m8 ms\u001b[39m","size":"139","timestamp":"2026-08-08 18:26:37"}
{"level":"info","message":" Incoming Request \u001b[32mGET\u001b[39m \u001b[32m200\u001b[39m \u001b[35m/api/v1/user/my-profile\u001b[39m \u001b[93m5 ms\u001b[39m","size":"492","timestamp":"2026-08-08 18:26:37"}
{"level":"info","message":" Incoming Request \u001b[32mGET\u001b[39m \u001b[32m200\u001b[39m \u001b[35m/api/v1/dashboard/stats?range=6M\u001b[39m \u001b[93m50 ms\u001b[39m","size":"1786","timestamp":"2026-08-08 18:26:37"}
{"level":"info","message":" Incoming Request \u001b[32mGET\u001b[39m \u001b[32m200\u001b[39m \u001b[35m/api/v1/signal/types\u001b[39m \u001b[93m6 ms\u001b[39m","size":"860","timestamp":"2026-08-08 18:26:37"}
{"level":"info","message":" Incoming Request \u001b[32mGET\u001b[39m \u001b[34m304\u001b[39m \u001b[35m/api/v1/dashboard/stats?range=6M\u001b[39m \u001b[93m37 ms\u001b[39m","size":0,"timestamp":"2026-08-08 18:27:00"}
{"level":"info","message":" Incoming Request \u001b[32mGET\u001b[39m \u001b[34m304\u001b[39m \u001b[35m/api/v1/signal/types\u001b[39m \u001b[93m4 ms\u001b[39m","size":0,"timestamp":"2026-08-08 18:27:00"}
{"level":"info","message":" Incoming Request \u001b[32mGET\u001b[39m \u001b[34m304\u001b[39m \u001b[35m/api/v1/user/my-profile\u001b[39m \u001b[93m4 ms\u001b[39m","size":0,"timestamp":"2026-08-08 18:27:00"}
{"level":"info","message":" Incoming Request \u001b[32mGET\u001b[39m \u001b[34m304\u001b[39m \u001b[35m/api/v1/notification/audience-stats\u001b[39m \u001b[93m4 ms\u001b[39m","size":0,"timestamp":"2026-08-08 18:27:00"}
{"level":"info","message":" Incoming Request \u001b[32mGET\u001b[39m \u001b[34m304\u001b[39m \u001b[35m/api/v1/signal/types\u001b[39m \u001b[93m12 ms\u001b[39m","size":0,"timestamp":"2026-08-08 18:29:26"}
{"level":"info","message":" Incoming Request \u001b[32mGET\u001b[39m \u001b[34m304\u001b[39m \u001b[35m/api/v1/notification/audience-stats\u001b[39m \u001b[93m12 ms\u001b[39m","size":0,"timestamp":"2026-08-08 18:29:26"}
{"level":"info","message":" Incoming Request \u001b[32mGET\u001b[39m \u001b[34m304\u001b[39m \u001b[35m/api/v1/user/my-profile\u001b[39m \u001b[93m11 ms\u001b[39m","size":0,"timestamp":"2026-08-08 18:29:26"}
{"level":"info","message":" Incoming Request \u001b[32mGET\u001b[39m \u001b[34m304\u001b[39m \u001b[35m/api/v1/dashboard/stats?range=6M\u001b[39m \u001b[93m56 ms\u001b[39m","size":0,"timestamp":"2026-08-08 18:29:26"}
{"level":"info","message":" Incoming Request \u001b[34mPOST\u001b[39m \u001b[32m201\u001b[39m \u001b[35m/api/v1/signal/create\u001b[39m \u001b[93m19 ms\u001b[39m","size":"332","timestamp":"2026-08-08 18:31:47"}
{"level":"info","message":" Incoming Request \u001b[32mGET\u001b[39m \u001b[32m200\u001b[39m \u001b[35m/api/v1/dashboard/stats?range=6M\u001b[39m \u001b[93m41 ms\u001b[39m","size":"1793","timestamp":"2026-08-08 18:31:48"}
{"level":"info","message":" Incoming Request \u001b[32mGET\u001b[39m \u001b[32m200\u001b[39m \u001b[35m/api/v1/signal\u001b[39m \u001b[93m5 ms\u001b[39m","size":"4450","timestamp":"2026-08-08 18:31:54"}
{"level":"info","message":" Incoming Request \u001b[32mGET\u001b[39m \u001b[32m200\u001b[39m \u001b[35m/api/v1/post\u001b[39m \u001b[93m10 ms\u001b[39m","size":"2227","timestamp":"2026-08-08 18:34:01"}
{"level":"info","message":" Incoming Request \u001b[34mPOST\u001b[39m \u001b[32m201\u001b[39m \u001b[35m/api/v1/post/create\u001b[39m \u001b[93m18 ms\u001b[39m","size":"2762","timestamp":"2026-08-08 18:37:44"}
{"level":"info","message":" Incoming Request \u001b[32mGET\u001b[39m \u001b[32m200\u001b[39m \u001b[35m/api/v1/post\u001b[39m \u001b[93m6 ms\u001b[39m","size":"4909","timestamp":"2026-08-08 18:37:44"}
{"level":"info","message":" Incoming Request \u001b[33mPATCH\u001b[39m \u001b[32m200\u001b[39m \u001b[35m/api/v1/post/6a772318714f0e25c8f55373\u001b[39m \u001b[93m5 ms\u001b[39m","size":"2760","timestamp":"2026-08-08 18:38:19"}
{"level":"info","message":" Incoming Request \u001b[32mGET\u001b[39m \u001b[34m304\u001b[39m \u001b[35m/api/v1/post\u001b[39m \u001b[93m5 ms\u001b[39m","size":0,"timestamp":"2026-08-08 18:38:19"}
{"level":"info","message":" Incoming Request \u001b[32mGET\u001b[39m \u001b[32m200\u001b[39m \u001b[35m/api/v1/notification\u001b[39m \u001b[93m10 ms\u001b[39m","size":"978","timestamp":"2026-08-08 18:38:35"}
{"level":"info","message":" Incoming Request \u001b[32mGET\u001b[39m \u001b[34m304\u001b[39m \u001b[35m/api/v1/notification/audience-stats\u001b[39m \u001b[93m8 ms\u001b[39m","size":0,"timestamp":"2026-08-08 18:38:35"}
{"level":"info","message":" Incoming Request \u001b[34mPOST\u001b[39m \u001b[32m201\u001b[39m \u001b[35m/api/v1/notification/send\u001b[39m \u001b[93m6 ms\u001b[39m","size":"271","timestamp":"2026-08-08 18:39:18"}
{"level":"info","message":" Incoming Request \u001b[32mGET\u001b[39m \u001b[32m200\u001b[39m \u001b[35m/api/v1/notification\u001b[39m \u001b[93m8 ms\u001b[39m","size":"1166","timestamp":"2026-08-08 18:39:19"}
{"level":"info","message":" Incoming Request \u001b[32mGET\u001b[39m \u001b[34m304\u001b[39m \u001b[35m/api/v1/notification/audience-stats\u001b[39m \u001b[93m7 ms\u001b[39m","size":0,"timestamp":"2026-08-08 18:39:19"}
{"level":"info","message":" Incoming Request \u001b[32mGET\u001b[39m \u001b[32m200\u001b[39m \u001b[35m/api/v1/subscription/trial-config\u001b[39m \u001b[93m14 ms\u001b[39m","size":"411","timestamp":"2026-08-08 18:39:48"}
{"level":"info","message":" Incoming Request \u001b[32mGET\u001b[39m \u001b[32m200\u001b[39m \u001b[35m/api/v1/subscription?includeDisabled=true\u001b[39m \u001b[93m4 ms\u001b[39m","size":"2406","timestamp":"2026-08-08 18:39:48"}
{"level":"info","message":" Incoming Request \u001b[32mGET\u001b[39m \u001b[32m200\u001b[39m \u001b[35m/api/v1/user/all-user?page=1&limit=10\u001b[39m \u001b[93m8 ms\u001b[39m","size":"717","timestamp":"2026-08-08 18:40:26"}
{"level":"info","message":" Incoming Request \u001b[32mGET\u001b[39m \u001b[32m200\u001b[39m \u001b[35m/api/v1/coupon\u001b[39m \u001b[93m5 ms\u001b[39m","size":"363","timestamp":"2026-08-08 18:40:33"}
{"level":"info","message":" Incoming Request \u001b[33mPATCH\u001b[39m \u001b[32m200\u001b[39m \u001b[35m/api/v1/coupon/6a75af5601fc076672311be0\u001b[39m \u001b[93m9 ms\u001b[39m","size":"398","timestamp":"2026-08-08 18:41:00"}
{"level":"info","message":" Incoming Request \u001b[32mGET\u001b[39m \u001b[32m200\u001b[39m \u001b[35m/api/v1/coupon\u001b[39m \u001b[93m10 ms\u001b[39m","size":"403","timestamp":"2026-08-08 18:41:01"}
{"level":"info","message":" Incoming Request \u001b[32mGET\u001b[39m \u001b[32m200\u001b[39m \u001b[35m/api/v1/management/privacy\u001b[39m \u001b[93m4 ms\u001b[39m","size":"236","timestamp":"2026-08-08 18:41:26"}
{"level":"info","message":" Incoming Request \u001b[32mGET\u001b[39m \u001b[32m200\u001b[39m \u001b[35m/api/v1/management/terms\u001b[39m \u001b[93m3 ms\u001b[39m","size":"99","timestamp":"2026-08-08 18:41:34"}
{"level":"info","message":" Incoming Request \u001b[32mGET\u001b[39m \u001b[32m200\u001b[39m \u001b[35m/api/v1/management/about\u001b[39m \u001b[93m2 ms\u001b[39m","size":"99","timestamp":"2026-08-08 18:41:54"}
{"level":"info","message":" Incoming Request \u001b[32mGET\u001b[39m \u001b[32m200\u001b[39m \u001b[35m/api/v1/dashboard/stats?range=6M\u001b[39m \u001b[93m33 ms\u001b[39m","size":"1791","timestamp":"2026-08-08 18:47:04"}
{"level":"info","message":" Incoming Request \u001b[32mGET\u001b[39m \u001b[34m304\u001b[39m \u001b[35m/api/v1/notification/audience-stats\u001b[39m \u001b[93m3 ms\u001b[39m","size":0,"timestamp":"2026-08-08 18:47:04"}
{"level":"info","message":" Incoming Request \u001b[32mGET\u001b[39m \u001b[34m304\u001b[39m \u001b[35m/api/v1/signal/types\u001b[39m \u001b[93m6 ms\u001b[39m","size":0,"timestamp":"2026-08-08 18:47:04"}
{"level":"info","message":" Incoming Request \u001b[32mGET\u001b[39m \u001b[34m304\u001b[39m \u001b[35m/api/v1/management/privacy\u001b[39m \u001b[93m3 ms\u001b[39m","size":0,"timestamp":"2026-08-08 18:49:10"}
{"level":"info","message":" Incoming Request \u001b[32mGET\u001b[39m \u001b[34m304\u001b[39m \u001b[35m/api/v1/subscription?includeDisabled=true\u001b[39m \u001b[93m3 ms\u001b[39m","size":0,"timestamp":"2026-08-08 18:49:37"}
{"level":"info","message":" Incoming Request \u001b[32mGET\u001b[39m \u001b[34m304\u001b[39m \u001b[35m/api/v1/subscription/trial-config\u001b[39m \u001b[93m7 ms\u001b[39m","size":0,"timestamp":"2026-08-08 18:49:37"}
{"level":"info","message":" Incoming Request \u001b[32mGET\u001b[39m \u001b[34m304\u001b[39m \u001b[35m/api/v1/subscription?includeDisabled=true\u001b[39m \u001b[93m4 ms\u001b[39m","size":0,"timestamp":"2026-08-08 18:49:45"}
{"level":"info","message":" Incoming Request \u001b[32mGET\u001b[39m \u001b[34m304\u001b[39m \u001b[35m/api/v1/subscription/trial-config\u001b[39m \u001b[93m5 ms\u001b[39m","size":0,"timestamp":"2026-08-08 18:49:45"}
{"level":"info","message":" Incoming Request \u001b[32mGET\u001b[39m \u001b[34m304\u001b[39m \u001b[35m/api/v1/user/my-profile\u001b[39m \u001b[93m3 ms\u001b[39m","size":0,"timestamp":"2026-08-08 18:49:45"}
{"level":"info","message":" Incoming Request \u001b[32mGET\u001b[39m \u001b[32m200\u001b[39m \u001b[35m/api/v1/user/my-profile\u001b[39m \u001b[93m7 ms\u001b[39m","size":"492","timestamp":"2026-08-08 18:49:59"}
{"level":"info","message":" Incoming Request \u001b[32mGET\u001b[39m \u001b[32m200\u001b[39m \u001b[35m/api/v1/signal\u001b[39m \u001b[93m5 ms\u001b[39m","size":"4450","timestamp":"2026-08-08 18:49:59"}
{"level":"info","message":" Incoming Request \u001b[32mGET\u001b[39m \u001b[32m200\u001b[39m \u001b[35m/api/v1/signal/types\u001b[39m \u001b[93m3 ms\u001b[39m","size":"860","timestamp":"2026-08-08 18:49:59"}
{"level":"info","message":" Incoming Request \u001b[32mGET\u001b[39m \u001b[34m304\u001b[39m \u001b[35m/api/v1/subscription?includeDisabled=true\u001b[39m \u001b[93m4 ms\u001b[39m","size":0,"timestamp":"2026-08-08 18:51:49"}
{"level":"info","message":" Incoming Request \u001b[32mGET\u001b[39m \u001b[34m304\u001b[39m \u001b[35m/api/v1/user/my-profile\u001b[39m \u001b[93m5 ms\u001b[39m","size":0,"timestamp":"2026-08-08 18:51:50"}
{"level":"info","message":" Incoming Request \u001b[32mGET\u001b[39m \u001b[34m304\u001b[39m \u001b[35m/api/v1/subscription/trial-config\u001b[39m \u001b[93m8 ms\u001b[39m","size":0,"timestamp":"2026-08-08 18:51:50"}
{"level":"info","message":" Incoming Request \u001b[32mGET\u001b[39m \u001b[34m304\u001b[39m \u001b[35m/api/v1/post\u001b[39m \u001b[93m4 ms\u001b[39m","size":0,"timestamp":"2026-08-08 18:52:19"}
{"level":"info","message":" Incoming Request \u001b[32mGET\u001b[39m \u001b[34m304\u001b[39m \u001b[35m/api/v1/coupon\u001b[39m \u001b[93m6 ms\u001b[39m","size":0,"timestamp":"2026-08-08 18:52:32"}
{"level":"info","message":" Incoming Request \u001b[33mPATCH\u001b[39m \u001b[32m200\u001b[39m \u001b[35m/api/v1/coupon/6a75af5601fc076672311be0\u001b[39m \u001b[93m6 ms\u001b[39m","size":"398","timestamp":"2026-08-08 18:52:52"}
{"level":"info","message":" Incoming Request \u001b[32mGET\u001b[39m \u001b[32m200\u001b[39m \u001b[35m/api/v1/coupon\u001b[39m \u001b[93m4 ms\u001b[39m","size":"403","timestamp":"2026-08-08 18:52:53"}
{"level":"info","message":" Incoming Request \u001b[32mGET\u001b[39m \u001b[34m304\u001b[39m \u001b[35m/api/v1/signal\u001b[39m \u001b[93m7 ms\u001b[39m","size":0,"timestamp":"2026-08-08 18:53:02"}
{"level":"info","message":" Incoming Request \u001b[32mGET\u001b[39m \u001b[34m304\u001b[39m \u001b[35m/api/v1/signal/types\u001b[39m \u001b[93m4 ms\u001b[39m","size":0,"timestamp":"2026-08-08 18:53:02"}
{"level":"info","message":" Incoming Request \u001b[32mGET\u001b[39m \u001b[34m304\u001b[39m \u001b[35m/api/v1/notification/audience-stats\u001b[39m \u001b[93m10 ms\u001b[39m","size":0,"timestamp":"2026-08-08 18:53:14"}
{"level":"info","message":" Incoming Request \u001b[32mGET\u001b[39m \u001b[34m304\u001b[39m \u001b[35m/api/v1/notification\u001b[39m \u001b[93m5 ms\u001b[39m","size":0,"timestamp":"2026-08-08 18:53:14"}
{"level":"info","message":" Incoming Request \u001b[32mGET\u001b[39m \u001b[34m304\u001b[39m \u001b[35m/api/v1/subscription?includeDisabled=true\u001b[39m \u001b[93m3 ms\u001b[39m","size":0,"timestamp":"2026-08-08 18:53:19"}
{"level":"info","message":" Incoming Request \u001b[32mGET\u001b[39m \u001b[34m304\u001b[39m \u001b[35m/api/v1/subscription/trial-config\u001b[39m \u001b[93m5 ms\u001b[39m","size":0,"timestamp":"2026-08-08 18:53:19"}
{"level":"info","message":" Incoming Request \u001b[32mGET\u001b[39m \u001b[32m200\u001b[39m \u001b[35m/api/v1/subscription\u001b[39m \u001b[93m4 ms\u001b[39m","size":"2406","timestamp":"2026-08-08 18:53:31"}
{"level":"info","message":" Incoming Request \u001b[33mPATCH\u001b[39m \u001b[32m200\u001b[39m \u001b[35m/api/v1/subscription/6a7568297cf6b6d7cbf527d3\u001b[39m \u001b[93m4 ms\u001b[39m","size":"947","timestamp":"2026-08-08 18:55:06"}
{"level":"info","message":" Incoming Request \u001b[32mGET\u001b[39m \u001b[32m200\u001b[39m \u001b[35m/api/v1/subscription\u001b[39m \u001b[93m3 ms\u001b[39m","size":"2406","timestamp":"2026-08-08 18:55:07"}
{"level":"info","message":" Incoming Request \u001b[32mGET\u001b[39m \u001b[32m200\u001b[39m \u001b[35m/api/v1/subscription?includeDisabled=true\u001b[39m \u001b[93m1 ms\u001b[39m","size":"2406","timestamp":"2026-08-08 18:55:07"}
{"level":"info","message":" Incoming Request \u001b[32mGET\u001b[39m \u001b[34m304\u001b[39m \u001b[35m/api/v1/subscription/trial-config\u001b[39m \u001b[93m5 ms\u001b[39m","size":0,"timestamp":"2026-08-08 18:55:07"}
{"level":"info","message":" Incoming Request \u001b[33mPATCH\u001b[39m \u001b[32m200\u001b[39m \u001b[35m/api/v1/subscription/6a7568297cf6b6d7cbf527d4\u001b[39m \u001b[93m5 ms\u001b[39m","size":"823","timestamp":"2026-08-08 19:00:13"}
{"level":"info","message":" Incoming Request \u001b[32mGET\u001b[39m \u001b[32m200\u001b[39m \u001b[35m/api/v1/subscription?includeDisabled=true\u001b[39m \u001b[93m3 ms\u001b[39m","size":"2406","timestamp":"2026-08-08 19:00:14"}
{"level":"info","message":" Incoming Request \u001b[32mGET\u001b[39m \u001b[32m200\u001b[39m \u001b[35m/api/v1/subscription\u001b[39m \u001b[93m3 ms\u001b[39m","size":"2406","timestamp":"2026-08-08 19:00:14"}
{"level":"info","message":" Incoming Request \u001b[32mGET\u001b[39m \u001b[34m304\u001b[39m \u001b[35m/api/v1/subscription/trial-config\u001b[39m \u001b[93m7 ms\u001b[39m","size":0,"timestamp":"2026-08-08 19:00:14"}
{"level":"info","message":" Incoming Request \u001b[33mPATCH\u001b[39m \u001b[32m200\u001b[39m \u001b[35m/api/v1/subscription/6a7568297cf6b6d7cbf527d5\u001b[39m \u001b[93m3 ms\u001b[39m","size":"818","timestamp":"2026-08-08 19:00:47"}
{"level":"info","message":" Incoming Request \u001b[32mGET\u001b[39m \u001b[32m200\u001b[39m \u001b[35m/api/v1/subscription\u001b[39m \u001b[93m3 ms\u001b[39m","size":"2406","timestamp":"2026-08-08 19:00:48"}
{"level":"info","message":" Incoming Request \u001b[32mGET\u001b[39m \u001b[32m200\u001b[39m \u001b[35m/api/v1/subscription?includeDisabled=true\u001b[39m \u001b[93m3 ms\u001b[39m","size":"2406","timestamp":"2026-08-08 19:00:48"}
{"level":"info","message":" Incoming Request \u001b[32mGET\u001b[39m \u001b[34m304\u001b[39m \u001b[35m/api/v1/subscription/trial-config\u001b[39m \u001b[93m7 ms\u001b[39m","size":0,"timestamp":"2026-08-08 19:00:48"}
{"level":"info","message":" Incoming Request \u001b[34mPOST\u001b[39m \u001b[32m200\u001b[39m \u001b[35m/api/v1/subscription/trial-config\u001b[39m \u001b[93m6 ms\u001b[39m","size":"332","timestamp":"2026-08-08 19:02:17"}
{"level":"info","message":" Incoming Request \u001b[32mGET\u001b[39m \u001b[32m200\u001b[39m \u001b[35m/api/v1/subscription/trial-config\u001b[39m \u001b[93m7 ms\u001b[39m","size":"412","timestamp":"2026-08-08 19:02:17"}
{"level":"info","message":" Incoming Request \u001b[32mGET\u001b[39m \u001b[32m200\u001b[39m \u001b[35m/api/v1/subscription?includeDisabled=true\u001b[39m \u001b[93m8 ms\u001b[39m","size":"2406","timestamp":"2026-08-08 19:02:18"}
{"level":"info","message":" Incoming Request \u001b[34mPOST\u001b[39m \u001b[32m200\u001b[39m \u001b[35m/api/v1/subscription/trial-config\u001b[39m \u001b[93m3 ms\u001b[39m","size":"332","timestamp":"2026-08-08 19:02:18"}
{"level":"info","message":" Incoming Request \u001b[32mGET\u001b[39m \u001b[32m200\u001b[39m \u001b[35m/api/v1/subscription?includeDisabled=true\u001b[39m \u001b[93m4 ms\u001b[39m","size":"2406","timestamp":"2026-08-08 19:02:18"}
{"level":"info","message":" Incoming Request \u001b[32mGET\u001b[39m \u001b[32m200\u001b[39m \u001b[35m/api/v1/subscription/trial-config\u001b[39m \u001b[93m7 ms\u001b[39m","size":"412","timestamp":"2026-08-08 19:02:18"}
{"level":"info","message":" Incoming Request \u001b[34mPOST\u001b[39m \u001b[32m200\u001b[39m \u001b[35m/api/v1/subscription/trial-config\u001b[39m \u001b[93m5 ms\u001b[39m","size":"332","timestamp":"2026-08-08 19:02:20"}
{"level":"info","message":" Incoming Request \u001b[32mGET\u001b[39m \u001b[32m200\u001b[39m \u001b[35m/api/v1/subscription?includeDisabled=true\u001b[39m \u001b[93m6 ms\u001b[39m","size":"2406","timestamp":"2026-08-08 19:02:20"}
{"level":"info","message":" Incoming Request \u001b[32mGET\u001b[39m \u001b[32m200\u001b[39m \u001b[35m/api/v1/subscription/trial-config\u001b[39m \u001b[93m9 ms\u001b[39m","size":"412","timestamp":"2026-08-08 19:02:20"}
{"level":"info","message":" Incoming Request \u001b[34mPOST\u001b[39m \u001b[32m200\u001b[39m \u001b[35m/api/v1/subscription/trial-config\u001b[39m \u001b[93m5 ms\u001b[39m","size":"331","timestamp":"2026-08-08 19:02:24"}
{"level":"info","message":" Incoming Request \u001b[32mGET\u001b[39m \u001b[32m200\u001b[39m \u001b[35m/api/v1/subscription/trial-config\u001b[39m \u001b[93m9 ms\u001b[39m","size":"411","timestamp":"2026-08-08 19:02:24"}
{"level":"info","message":" Incoming Request \u001b[32mGET\u001b[39m \u001b[32m200\u001b[39m \u001b[35m/api/v1/subscription?includeDisabled=true\u001b[39m \u001b[93m4 ms\u001b[39m","size":"2406","timestamp":"2026-08-08 19:02:24"}
{"level":"info","message":" Incoming Request \u001b[34mPOST\u001b[39m \u001b[32m200\u001b[39m \u001b[35m/api/v1/subscription/trial-config\u001b[39m \u001b[93m11 ms\u001b[39m","size":"332","timestamp":"2026-08-08 19:02:31"}
{"level":"info","message":" Incoming Request \u001b[32mGET\u001b[39m \u001b[32m200\u001b[39m \u001b[35m/api/v1/subscription/trial-config\u001b[39m \u001b[93m7 ms\u001b[39m","size":"412","timestamp":"2026-08-08 19:02:31"}
{"level":"info","message":" Incoming Request \u001b[32mGET\u001b[39m \u001b[32m200\u001b[39m \u001b[35m/api/v1/subscription?includeDisabled=true\u001b[39m \u001b[93m4 ms\u001b[39m","size":"2406","timestamp":"2026-08-08 19:02:31"}
{"level":"info","message":" Incoming Request \u001b[34mPOST\u001b[39m \u001b[32m200\u001b[39m \u001b[35m/api/v1/subscription/trial-config\u001b[39m \u001b[93m9 ms\u001b[39m","size":"333","timestamp":"2026-08-08 19:02:38"}
{"level":"info","message":" Incoming Request \u001b[32mGET\u001b[39m \u001b[32m200\u001b[39m \u001b[35m/api/v1/subscription/trial-config\u001b[39m \u001b[93m5 ms\u001b[39m","size":"413","timestamp":"2026-08-08 19:02:38"}
{"level":"info","message":" Incoming Request \u001b[32mGET\u001b[39m \u001b[32m200\u001b[39m \u001b[35m/api/v1/subscription?includeDisabled=true\u001b[39m \u001b[93m4 ms\u001b[39m","size":"2406","timestamp":"2026-08-08 19:02:39"}
{"level":"info","message":" Incoming Request \u001b[34mPOST\u001b[39m \u001b[32m200\u001b[39m \u001b[35m/api/v1/subscription/trial-config\u001b[39m \u001b[93m5 ms\u001b[39m","size":"332","timestamp":"2026-08-08 19:02:45"}
{"level":"info","message":" Incoming Request \u001b[32mGET\u001b[39m \u001b[32m200\u001b[39m \u001b[35m/api/v1/subscription/trial-config\u001b[39m \u001b[93m11 ms\u001b[39m","size":"412","timestamp":"2026-08-08 19:02:46"}
{"level":"info","message":" Incoming Request \u001b[32mGET\u001b[39m \u001b[32m200\u001b[39m \u001b[35m/api/v1/subscription?includeDisabled=true\u001b[39m \u001b[93m5 ms\u001b[39m","size":"2406","timestamp":"2026-08-08 19:02:46"}
{"level":"info","message":" Incoming Request \u001b[34mPOST\u001b[39m \u001b[32m200\u001b[39m \u001b[35m/api/v1/subscription/trial-config\u001b[39m \u001b[93m6 ms\u001b[39m","size":"333","timestamp":"2026-08-08 19:02:47"}
{"level":"info","message":" Incoming Request \u001b[32mGET\u001b[39m \u001b[32m200\u001b[39m \u001b[35m/api/v1/subscription?includeDisabled=true\u001b[39m \u001b[93m3 ms\u001b[39m","size":"2406","timestamp":"2026-08-08 19:02:47"}
{"level":"info","message":" Incoming Request \u001b[32mGET\u001b[39m \u001b[32m200\u001b[39m \u001b[35m/api/v1/subscription/trial-config\u001b[39m \u001b[93m7 ms\u001b[39m","size":"413","timestamp":"2026-08-08 19:02:47"}
{"level":"info","message":" Incoming Request \u001b[34mPOST\u001b[39m \u001b[32m200\u001b[39m \u001b[35m/api/v1/subscription/trial-config\u001b[39m \u001b[93m5 ms\u001b[39m","size":"332","timestamp":"2026-08-08 19:02:48"}
{"level":"info","message":" Incoming Request \u001b[32mGET\u001b[39m \u001b[32m200\u001b[39m \u001b[35m/api/v1/subscription?includeDisabled=true\u001b[39m \u001b[93m4 ms\u001b[39m","size":"2406","timestamp":"2026-08-08 19:02:48"}
{"level":"info","message":" Incoming Request \u001b[32mGET\u001b[39m \u001b[32m200\u001b[39m \u001b[35m/api/v1/subscription/trial-config\u001b[39m \u001b[93m7 ms\u001b[39m","size":"412","timestamp":"2026-08-08 19:02:48"}
{"level":"info","message":" Incoming Request \u001b[32mGET\u001b[39m \u001b[34m304\u001b[39m \u001b[35m/api/v1/user/all-user?page=1&limit=10\u001b[39m \u001b[93m5 ms\u001b[39m","size":0,"timestamp":"2026-08-08 19:02:54"}
{"level":"info","message":" Incoming Request \u001b[32mGET\u001b[39m \u001b[34m304\u001b[39m \u001b[35m/api/v1/notification\u001b[39m \u001b[93m5 ms\u001b[39m","size":0,"timestamp":"2026-08-08 19:03:44"}
{"level":"info","message":" Incoming Request \u001b[32mGET\u001b[39m \u001b[34m304\u001b[39m \u001b[35m/api/v1/notification/audience-stats\u001b[39m \u001b[93m7 ms\u001b[39m","size":0,"timestamp":"2026-08-08 19:03:44"}
{"level":"info","message":" Incoming Request \u001b[32mGET\u001b[39m \u001b[34m304\u001b[39m \u001b[35m/api/v1/coupon\u001b[39m \u001b[93m4 ms\u001b[39m","size":0,"timestamp":"2026-08-08 19:04:21"}
{"level":"info","message":" Incoming Request \u001b[32mGET\u001b[39m \u001b[34m304\u001b[39m \u001b[35m/api/v1/signal/types\u001b[39m \u001b[93m5 ms\u001b[39m","size":0,"timestamp":"2026-08-08 19:04:41"}
{"level":"info","message":" Incoming Request \u001b[32mGET\u001b[39m \u001b[34m304\u001b[39m \u001b[35m/api/v1/signal\u001b[39m \u001b[93m7 ms\u001b[39m","size":0,"timestamp":"2026-08-08 19:04:41"}
{"level":"info","message":" Incoming Request \u001b[32mGET\u001b[39m \u001b[34m304\u001b[39m \u001b[35m/api/v1/notification/audience-stats\u001b[39m \u001b[93m21 ms\u001b[39m","size":0,"timestamp":"2026-08-08 19:19:25"}
{"level":"info","message":" Incoming Request \u001b[32mGET\u001b[39m \u001b[34m304\u001b[39m \u001b[35m/api/v1/signal/types\u001b[39m \u001b[93m21 ms\u001b[39m","size":0,"timestamp":"2026-08-08 19:19:25"}
{"level":"info","message":" Incoming Request \u001b[32mGET\u001b[39m \u001b[34m304\u001b[39m \u001b[35m/api/v1/user/my-profile\u001b[39m \u001b[93m22 ms\u001b[39m","size":0,"timestamp":"2026-08-08 19:19:25"}
{"level":"info","message":" Incoming Request \u001b[32mGET\u001b[39m \u001b[34m304\u001b[39m \u001b[35m/api/v1/notification/audience-stats\u001b[39m \u001b[93m11 ms\u001b[39m","size":0,"timestamp":"2026-08-08 19:19:25"}
{"level":"info","message":" Incoming Request \u001b[32mGET\u001b[39m \u001b[34m304\u001b[39m \u001b[35m/api/v1/signal/types\u001b[39m \u001b[93m15 ms\u001b[39m","size":0,"timestamp":"2026-08-08 19:19:25"}
{"level":"info","message":" Incoming Request \u001b[32mGET\u001b[39m \u001b[34m304\u001b[39m \u001b[35m/api/v1/user/my-profile\u001b[39m \u001b[93m12 ms\u001b[39m","size":0,"timestamp":"2026-08-08 19:19:25"}
{"level":"info","message":" Incoming Request \u001b[32mGET\u001b[39m \u001b[32m200\u001b[39m \u001b[35m/api/v1/dashboard/stats?range=6M\u001b[39m \u001b[93m100 ms\u001b[39m","size":"1795","timestamp":"2026-08-08 19:19:25"}
{"level":"info","message":" Incoming Request \u001b[32mGET\u001b[39m \u001b[34m304\u001b[39m \u001b[35m/api/v1/dashboard/stats?range=6M\u001b[39m \u001b[93m31 ms\u001b[39m","size":0,"timestamp":"2026-08-08 19:19:25"}
{"level":"info","message":" Incoming Request \u001b[34mPOST\u001b[39m \u001b[31m401\u001b[39m \u001b[35m/api/v1/user/login\u001b[39m \u001b[93m206 ms\u001b[39m","size":"132","timestamp":"2026-08-08 19:30:43"}
{"level":"info","message":" Incoming Request \u001b[34mPOST\u001b[39m \u001b[32m200\u001b[39m \u001b[35m/api/v1/user/login\u001b[39m \u001b[93m207 ms\u001b[39m","size":"712","timestamp":"2026-08-08 19:30:52"}
{"level":"info","message":" Incoming Request \u001b[32mGET\u001b[39m \u001b[32m200\u001b[39m \u001b[35m/api/v1/signal/types\u001b[39m \u001b[93m6 ms\u001b[39m","size":"860","timestamp":"2026-08-08 19:30:53"}
{"level":"info","message":" Incoming Request \u001b[32mGET\u001b[39m \u001b[32m200\u001b[39m \u001b[35m/api/v1/user/my-profile\u001b[39m \u001b[93m6 ms\u001b[39m","size":"492","timestamp":"2026-08-08 19:30:53"}
{"level":"info","message":" Incoming Request \u001b[32mGET\u001b[39m \u001b[32m200\u001b[39m \u001b[35m/api/v1/notification/audience-stats\u001b[39m \u001b[93m8 ms\u001b[39m","size":"139","timestamp":"2026-08-08 19:30:53"}
{"level":"info","message":" Incoming Request \u001b[32mGET\u001b[39m \u001b[32m200\u001b[39m \u001b[35m/api/v1/dashboard/stats?range=6M\u001b[39m \u001b[93m31 ms\u001b[39m","size":"1795","timestamp":"2026-08-08 19:30:53"}
{"level":"info","message":" Incoming Request \u001b[32mGET\u001b[39m \u001b[32m200\u001b[39m \u001b[35m/api/v1/notification\u001b[39m \u001b[93m8 ms\u001b[39m","size":"1166","timestamp":"2026-08-08 19:31:20"}
{"level":"info","message":" Incoming Request \u001b[34mPOST\u001b[39m \u001b[33m500\u001b[39m \u001b[35m/api/v1/notification/send\u001b[39m \u001b[93m8 ms\u001b[39m","size":"216","timestamp":"2026-08-08 19:31:25"}
{"level":"info","message":" Incoming Request \u001b[32mGET\u001b[39m \u001b[34m304\u001b[39m \u001b[35m/api/v1/notification\u001b[39m \u001b[93m6 ms\u001b[39m","size":0,"timestamp":"2026-08-08 19:31:25"}
{"level":"info","message":" Incoming Request \u001b[32mGET\u001b[39m \u001b[34m304\u001b[39m \u001b[35m/api/v1/notification/audience-stats\u001b[39m \u001b[93m5 ms\u001b[39m","size":0,"timestamp":"2026-08-08 19:31:25"}
{"level":"info","message":" Incoming Request \u001b[32mGET\u001b[39m \u001b[32m200\u001b[39m \u001b[35m/api/v1/dashboard/stats?range=6M\u001b[39m \u001b[93m28 ms\u001b[39m","size":"1795","timestamp":"2026-08-08 19:31:35"}
{"level":"info","message":" Incoming Request \u001b[32mGET\u001b[39m \u001b[32m200\u001b[39m \u001b[35m/api/v1/signal\u001b[39m \u001b[93m5 ms\u001b[39m","size":"4450","timestamp":"2026-08-08 19:31:37"}
{"level":"info","message":" Incoming Request \u001b[32mGET\u001b[39m \u001b[32m200\u001b[39m \u001b[35m/api/v1/signal?status=Active\u001b[39m \u001b[93m5 ms\u001b[39m","size":"2475","timestamp":"2026-08-08 19:31:45"}
{"level":"info","message":" Incoming Request \u001b[32mGET\u001b[39m \u001b[32m200\u001b[39m \u001b[35m/api/v1/signal?status=Draft\u001b[39m \u001b[93m3 ms\u001b[39m","size":"687","timestamp":"2026-08-08 19:31:45"}
{"level":"info","message":" Incoming Request \u001b[32mGET\u001b[39m \u001b[32m200\u001b[39m \u001b[35m/api/v1/signal?status=Scheduled\u001b[39m \u001b[93m4 ms\u001b[39m","size":"429","timestamp":"2026-08-08 19:31:46"}
{"level":"info","message":" Incoming Request \u001b[32mGET\u001b[39m \u001b[32m200\u001b[39m \u001b[35m/api/v1/signal?status=Closed\u001b[39m \u001b[93m6 ms\u001b[39m","size":"1114","timestamp":"2026-08-08 19:31:47"}
{"level":"info","message":" Incoming Request \u001b[32mGET\u001b[39m \u001b[32m200\u001b[39m \u001b[35m/api/v1/post\u001b[39m \u001b[93m8 ms\u001b[39m","size":"4909","timestamp":"2026-08-08 19:32:02"}
{"level":"info","message":" Incoming Request \u001b[32mGET\u001b[39m \u001b[34m304\u001b[39m \u001b[35m/api/v1/post\u001b[39m \u001b[93m7 ms\u001b[39m","size":0,"timestamp":"2026-08-08 19:32:22"}
{"level":"info","message":" Incoming Request \u001b[32mGET\u001b[39m \u001b[34m304\u001b[39m \u001b[35m/api/v1/post\u001b[39m \u001b[93m10 ms\u001b[39m","size":0,"timestamp":"2026-08-08 19:32:23"}
{"level":"info","message":" Incoming Request \u001b[32mGET\u001b[39m \u001b[34m304\u001b[39m \u001b[35m/api/v1/post\u001b[39m \u001b[93m4 ms\u001b[39m","size":0,"timestamp":"2026-08-08 19:32:23"}
{"level":"info","message":" Incoming Request \u001b[32mGET\u001b[39m \u001b[34m304\u001b[39m \u001b[35m/api/v1/post\u001b[39m \u001b[93m9 ms\u001b[39m","size":0,"timestamp":"2026-08-08 19:32:24"}
{"level":"info","message":" Incoming Request \u001b[32mGET\u001b[39m \u001b[34m304\u001b[39m \u001b[35m/api/v1/post\u001b[39m \u001b[93m6 ms\u001b[39m","size":0,"timestamp":"2026-08-08 19:32:24"}
{"level":"info","message":" Incoming Request \u001b[32mGET\u001b[39m \u001b[34m304\u001b[39m \u001b[35m/api/v1/post\u001b[39m \u001b[93m6 ms\u001b[39m","size":0,"timestamp":"2026-08-08 19:32:24"}
{"level":"info","message":" Incoming Request \u001b[32mGET\u001b[39m \u001b[34m304\u001b[39m \u001b[35m/api/v1/post\u001b[39m \u001b[93m5 ms\u001b[39m","size":0,"timestamp":"2026-08-08 19:32:24"}
{"level":"info","message":" Incoming Request \u001b[32mGET\u001b[39m \u001b[34m304\u001b[39m \u001b[35m/api/v1/post\u001b[39m \u001b[93m8 ms\u001b[39m","size":0,"timestamp":"2026-08-08 19:32:25"}
{"level":"info","message":" Incoming Request \u001b[32mGET\u001b[39m \u001b[34m304\u001b[39m \u001b[35m/api/v1/post\u001b[39m \u001b[93m9 ms\u001b[39m","size":0,"timestamp":"2026-08-08 19:32:25"}
{"level":"info","message":" Incoming Request \u001b[32mGET\u001b[39m \u001b[32m200\u001b[39m \u001b[35m/api/v1/subscription?includeDisabled=true\u001b[39m \u001b[93m5 ms\u001b[39m","size":"2406","timestamp":"2026-08-08 19:32:30"}
{"level":"info","message":" Incoming Request \u001b[32mGET\u001b[39m \u001b[32m200\u001b[39m \u001b[35m/api/v1/subscription/trial-config\u001b[39m \u001b[93m9 ms\u001b[39m","size":"412","timestamp":"2026-08-08 19:32:30"}
{"level":"info","message":" Incoming Request \u001b[34mPOST\u001b[39m \u001b[32m200\u001b[39m \u001b[35m/api/v1/subscription/trial-config\u001b[39m \u001b[93m4 ms\u001b[39m","size":"333","timestamp":"2026-08-08 19:32:39"}
{"level":"info","message":" Incoming Request \u001b[32mGET\u001b[39m \u001b[32m200\u001b[39m \u001b[35m/api/v1/subscription/trial-config\u001b[39m \u001b[93m4 ms\u001b[39m","size":"413","timestamp":"2026-08-08 19:32:39"}
{"level":"info","message":" Incoming Request \u001b[32mGET\u001b[39m \u001b[34m304\u001b[39m \u001b[35m/api/v1/subscription?includeDisabled=true\u001b[39m \u001b[93m2 ms\u001b[39m","size":0,"timestamp":"2026-08-08 19:32:39"}
{"level":"info","message":" Incoming Request \u001b[34mPOST\u001b[39m \u001b[32m200\u001b[39m \u001b[35m/api/v1/subscription/trial-config\u001b[39m \u001b[93m5 ms\u001b[39m","size":"332","timestamp":"2026-08-08 19:32:39"}
{"level":"info","message":" Incoming Request \u001b[32mGET\u001b[39m \u001b[34m304\u001b[39m \u001b[35m/api/v1/subscription?includeDisabled=true\u001b[39m \u001b[93m2 ms\u001b[39m","size":0,"timestamp":"2026-08-08 19:32:40"}
{"level":"info","message":" Incoming Request \u001b[32mGET\u001b[39m \u001b[32m200\u001b[39m \u001b[35m/api/v1/subscription/trial-config\u001b[39m \u001b[93m6 ms\u001b[39m","size":"412","timestamp":"2026-08-08 19:32:40"}
{"level":"info","message":" Incoming Request \u001b[34mPOST\u001b[39m \u001b[32m200\u001b[39m \u001b[35m/api/v1/subscription/trial-config\u001b[39m \u001b[93m3 ms\u001b[39m","size":"333","timestamp":"2026-08-08 19:32:42"}
{"level":"info","message":" Incoming Request \u001b[32mGET\u001b[39m \u001b[34m304\u001b[39m \u001b[35m/api/v1/subscription?includeDisabled=true\u001b[39m \u001b[93m6 ms\u001b[39m","size":0,"timestamp":"2026-08-08 19:32:42"}
{"level":"info","message":" Incoming Request \u001b[32mGET\u001b[39m \u001b[32m200\u001b[39m \u001b[35m/api/v1/subscription/trial-config\u001b[39m \u001b[93m8 ms\u001b[39m","size":"413","timestamp":"2026-08-08 19:32:42"}
{"level":"info","message":" Incoming Request \u001b[34mPOST\u001b[39m \u001b[32m200\u001b[39m \u001b[35m/api/v1/subscription/trial-config\u001b[39m \u001b[93m12 ms\u001b[39m","size":"332","timestamp":"2026-08-08 19:32:42"}
{"level":"info","message":" Incoming Request \u001b[32mGET\u001b[39m \u001b[34m304\u001b[39m \u001b[35m/api/v1/subscription?includeDisabled=true\u001b[39m \u001b[93m4 ms\u001b[39m","size":0,"timestamp":"2026-08-08 19:32:42"}
{"level":"info","message":" Incoming Request \u001b[32mGET\u001b[39m \u001b[32m200\u001b[39m \u001b[35m/api/v1/subscription/trial-config\u001b[39m \u001b[93m8 ms\u001b[39m","size":"412","timestamp":"2026-08-08 19:32:42"}
{"level":"info","message":" Incoming Request \u001b[34mPOST\u001b[39m \u001b[32m200\u001b[39m \u001b[35m/api/v1/subscription/trial-config\u001b[39m \u001b[93m4 ms\u001b[39m","size":"333","timestamp":"2026-08-08 19:32:43"}
{"level":"info","message":" Incoming Request \u001b[32mGET\u001b[39m \u001b[34m304\u001b[39m \u001b[35m/api/v1/subscription?includeDisabled=true\u001b[39m \u001b[93m3 ms\u001b[39m","size":0,"timestamp":"2026-08-08 19:32:43"}
{"level":"info","message":" Incoming Request \u001b[32mGET\u001b[39m \u001b[32m200\u001b[39m \u001b[35m/api/v1/subscription/trial-config\u001b[39m \u001b[93m9 ms\u001b[39m","size":"413","timestamp":"2026-08-08 19:32:43"}
{"level":"info","message":" Incoming Request \u001b[34mPOST\u001b[39m \u001b[32m200\u001b[39m \u001b[35m/api/v1/subscription/trial-config\u001b[39m \u001b[93m4 ms\u001b[39m","size":"332","timestamp":"2026-08-08 19:32:43"}
{"level":"info","message":" Incoming Request \u001b[32mGET\u001b[39m \u001b[34m304\u001b[39m \u001b[35m/api/v1/subscription?includeDisabled=true\u001b[39m \u001b[93m5 ms\u001b[39m","size":0,"timestamp":"2026-08-08 19:32:43"}
{"level":"info","message":" Incoming Request \u001b[32mGET\u001b[39m \u001b[32m200\u001b[39m \u001b[35m/api/v1/subscription/trial-config\u001b[39m \u001b[93m12 ms\u001b[39m","size":"412","timestamp":"2026-08-08 19:32:43"}
{"level":"info","message":" Incoming Request \u001b[34mPOST\u001b[39m \u001b[32m200\u001b[39m \u001b[35m/api/v1/subscription/trial-config\u001b[39m \u001b[93m7 ms\u001b[39m","size":"333","timestamp":"2026-08-08 19:32:43"}
{"level":"info","message":" Incoming Request \u001b[32mGET\u001b[39m \u001b[34m304\u001b[39m \u001b[35m/api/v1/subscription?includeDisabled=true\u001b[39m \u001b[93m4 ms\u001b[39m","size":0,"timestamp":"2026-08-08 19:32:44"}
{"level":"info","message":" Incoming Request \u001b[32mGET\u001b[39m \u001b[32m200\u001b[39m \u001b[35m/api/v1/subscription/trial-config\u001b[39m \u001b[93m8 ms\u001b[39m","size":"413","timestamp":"2026-08-08 19:32:44"}
{"level":"info","message":" Incoming Request \u001b[34mPOST\u001b[39m \u001b[32m200\u001b[39m \u001b[35m/api/v1/subscription/trial-config\u001b[39m \u001b[93m5 ms\u001b[39m","size":"333","timestamp":"2026-08-08 19:32:44"}
{"level":"info","message":" Incoming Request \u001b[34mPOST\u001b[39m \u001b[32m200\u001b[39m \u001b[35m/api/v1/subscription/trial-config\u001b[39m \u001b[93m4 ms\u001b[39m","size":"332","timestamp":"2026-08-08 19:32:44"}
{"level":"info","message":" Incoming Request \u001b[32mGET\u001b[39m \u001b[32m200\u001b[39m \u001b[35m/api/v1/subscription/trial-config\u001b[39m \u001b[93m7 ms\u001b[39m","size":"412","timestamp":"2026-08-08 19:32:44"}
{"level":"info","message":" Incoming Request \u001b[32mGET\u001b[39m \u001b[34m304\u001b[39m \u001b[35m/api/v1/subscription?includeDisabled=true\u001b[39m \u001b[93m3 ms\u001b[39m","size":0,"timestamp":"2026-08-08 19:32:44"}
{"level":"info","message":" Incoming Request \u001b[32mGET\u001b[39m \u001b[32m200\u001b[39m \u001b[35m/api/v1/user/all-user?page=1&limit=10\u001b[39m \u001b[93m7 ms\u001b[39m","size":"717","timestamp":"2026-08-08 19:32:47"}
{"level":"info","message":" Incoming Request \u001b[32mGET\u001b[39m \u001b[34m304\u001b[39m \u001b[35m/api/v1/user/all-user?page=1&limit=10\u001b[39m \u001b[93m5 ms\u001b[39m","size":0,"timestamp":"2026-08-08 19:33:03"}
{"level":"info","message":" Incoming Request \u001b[32mGET\u001b[39m \u001b[34m304\u001b[39m \u001b[35m/api/v1/user/all-user?page=1&limit=10\u001b[39m \u001b[93m6 ms\u001b[39m","size":0,"timestamp":"2026-08-08 19:33:04"}
{"level":"info","message":" Incoming Request \u001b[32mGET\u001b[39m \u001b[34m304\u001b[39m \u001b[35m/api/v1/user/all-user?page=1&limit=10\u001b[39m \u001b[93m6 ms\u001b[39m","size":0,"timestamp":"2026-08-08 19:33:04"}
{"level":"info","message":" Incoming Request \u001b[32mGET\u001b[39m \u001b[34m304\u001b[39m \u001b[35m/api/v1/user/all-user?page=1&limit=10\u001b[39m \u001b[93m6 ms\u001b[39m","size":0,"timestamp":"2026-08-08 19:33:05"}
{"level":"info","message":" Incoming Request \u001b[32mGET\u001b[39m \u001b[34m304\u001b[39m \u001b[35m/api/v1/user/all-user?page=1&limit=10\u001b[39m \u001b[93m5 ms\u001b[39m","size":0,"timestamp":"2026-08-08 19:33:06"}
{"level":"info","message":" Incoming Request \u001b[32mGET\u001b[39m \u001b[32m200\u001b[39m \u001b[35m/api/v1/user/all-user?page=1&limit=10&subscriptionType=VIP\u001b[39m \u001b[93m5 ms\u001b[39m","size":"717","timestamp":"2026-08-08 19:33:08"}
{"level":"info","message":" Incoming Request \u001b[32mGET\u001b[39m \u001b[32m200\u001b[39m \u001b[35m/api/v1/user/all-user?page=1&limit=10&subscriptionType=Forex\u001b[39m \u001b[93m6 ms\u001b[39m","size":"173","timestamp":"2026-08-08 19:33:09"}
{"level":"info","message":" Incoming Request \u001b[32mGET\u001b[39m \u001b[32m200\u001b[39m \u001b[35m/api/v1/user/all-user?page=1&limit=10&subscriptionType=Crypto\u001b[39m \u001b[93m7 ms\u001b[39m","size":"173","timestamp":"2026-08-08 19:33:09"}
{"level":"info","message":" Incoming Request \u001b[32mGET\u001b[39m \u001b[32m200\u001b[39m \u001b[35m/api/v1/coupon\u001b[39m \u001b[93m3 ms\u001b[39m","size":"403","timestamp":"2026-08-08 19:33:10"}
{"level":"info","message":" Incoming Request \u001b[33mPATCH\u001b[39m \u001b[32m200\u001b[39m \u001b[35m/api/v1/coupon/6a75af5601fc076672311be0\u001b[39m \u001b[93m2 ms\u001b[39m","size":"400","timestamp":"2026-08-08 19:33:17"}
{"level":"info","message":" Incoming Request \u001b[32mGET\u001b[39m \u001b[32m200\u001b[39m \u001b[35m/api/v1/coupon\u001b[39m \u001b[93m9 ms\u001b[39m","size":"405","timestamp":"2026-08-08 19:33:17"}
{"level":"info","message":" Incoming Request \u001b[33mPATCH\u001b[39m \u001b[32m200\u001b[39m \u001b[35m/api/v1/coupon/6a75af5601fc076672311be0\u001b[39m \u001b[93m2 ms\u001b[39m","size":"398","timestamp":"2026-08-08 19:33:20"}
{"level":"info","message":" Incoming Request \u001b[32mGET\u001b[39m \u001b[32m200\u001b[39m \u001b[35m/api/v1/coupon\u001b[39m \u001b[93m6 ms\u001b[39m","size":"403","timestamp":"2026-08-08 19:33:20"}
{"level":"info","message":" Incoming Request \u001b[32mGET\u001b[39m \u001b[32m200\u001b[39m \u001b[35m/api/v1/management/privacy\u001b[39m \u001b[93m4 ms\u001b[39m","size":"236","timestamp":"2026-08-08 19:33:26"}
{"level":"info","message":" Incoming Request \u001b[32mGET\u001b[39m \u001b[32m200\u001b[39m \u001b[35m/api/v1/management/terms\u001b[39m \u001b[93m2 ms\u001b[39m","size":"99","timestamp":"2026-08-08 19:33:28"}
{"level":"info","message":" Incoming Request \u001b[32mGET\u001b[39m \u001b[32m200\u001b[39m \u001b[35m/api/v1/management/about\u001b[39m \u001b[93m3 ms\u001b[39m","size":"99","timestamp":"2026-08-08 19:33:29"}
{"level":"info","message":" Incoming Request \u001b[32mGET\u001b[39m \u001b[34m304\u001b[39m \u001b[35m/api/v1/signal/types\u001b[39m \u001b[93m6 ms\u001b[39m","size":0,"timestamp":"2026-08-08 20:32:07"}
{"level":"info","message":" Incoming Request \u001b[32mGET\u001b[39m \u001b[34m304\u001b[39m \u001b[35m/api/v1/signal\u001b[39m \u001b[93m5 ms\u001b[39m","size":0,"timestamp":"2026-08-08 20:32:07"}
{"level":"info","message":" Incoming Request \u001b[32mGET\u001b[39m \u001b[34m304\u001b[39m \u001b[35m/api/v1/user/my-profile\u001b[39m \u001b[93m4 ms\u001b[39m","size":0,"timestamp":"2026-08-08 20:32:07"}
{"level":"info","message":" Incoming Request \u001b[32mGET\u001b[39m \u001b[34m304\u001b[39m \u001b[35m/api/v1/signal/types\u001b[39m \u001b[93m12 ms\u001b[39m","size":0,"timestamp":"2026-08-08 20:59:35"}
{"level":"info","message":" Incoming Request \u001b[32mGET\u001b[39m \u001b[34m304\u001b[39m \u001b[35m/api/v1/notification/audience-stats\u001b[39m \u001b[93m14 ms\u001b[39m","size":0,"timestamp":"2026-08-08 20:59:35"}
{"level":"info","message":" Incoming Request \u001b[32mGET\u001b[39m \u001b[34m304\u001b[39m \u001b[35m/api/v1/user/my-profile\u001b[39m \u001b[93m11 ms\u001b[39m","size":0,"timestamp":"2026-08-08 20:59:35"}
{"level":"info","message":" Incoming Request \u001b[32mGET\u001b[39m \u001b[34m304\u001b[39m \u001b[35m/api/v1/signal/types\u001b[39m \u001b[93m17 ms\u001b[39m","size":0,"timestamp":"2026-08-08 20:59:35"}
{"level":"info","message":" Incoming Request \u001b[32mGET\u001b[39m \u001b[34m304\u001b[39m \u001b[35m/api/v1/notification/audience-stats\u001b[39m \u001b[93m15 ms\u001b[39m","size":0,"timestamp":"2026-08-08 20:59:35"}
{"level":"info","message":" Incoming Request \u001b[32mGET\u001b[39m \u001b[34m304\u001b[39m \u001b[35m/api/v1/user/my-profile\u001b[39m \u001b[93m13 ms\u001b[39m","size":0,"timestamp":"2026-08-08 20:59:35"}
{"level":"info","message":" Incoming Request \u001b[32mGET\u001b[39m \u001b[32m200\u001b[39m \u001b[35m/api/v1/dashboard/stats?range=6M\u001b[39m \u001b[93m144 ms\u001b[39m","size":"1790","timestamp":"2026-08-08 20:59:35"}
{"level":"info","message":" Incoming Request \u001b[32mGET\u001b[39m \u001b[34m304\u001b[39m \u001b[35m/api/v1/dashboard/stats?range=6M\u001b[39m \u001b[93m69 ms\u001b[39m","size":0,"timestamp":"2026-08-08 20:59:35"}
